feat1,feat2,feat3,feat4,feat5,feat6,feat7,feat8,feat9,feat10,feat11,feat12,feat13,feat14,feat15,feat16,feat17,feat18,feat19,feat20,feat21,feat22,feat23,class
1,20,1,20,18,0,2,2,4,3,0,3,7,3,1,0,2,0,5,3,5,9,7,1
2,20,2,20,16,0,3,2,1,0,3,4,4,5,0,0,1,1,2,4,6,13,2,1
3,20,3,20,28,0,1,1,1,1,1,2,5,4,5,1,5,1,3,3,4,19,1,0
4,20,4,20,20,0,1,1,3,3,2,2,5,4,2,1,2,1,3,4,6,14,5,0
5,20,5,20,25,0,1,1,2,2,2,3,8,4,2,1,3,0,6,3,5,10,3,0
6,20,6,20,24,0,2,1,0,1,0,3,9,2,4,0,5,0,7,2,4,8,1,0
7,20,7,20,28,0,1,1,3,3,0,2,10,5,1,1,4,1,8,5,9,17,5,0
8,20,8,20,43,0,5,5,3,3,1,8,18,4,1,2,7,2,10,4,7,15,4,0
9,20,9,20,27,0,2,1,0,0,1,2,8,4,3,1,4,0,6,4,7,14,1,0
10,20,10,20,39,0,2,1,1,0,1,3,9,6,3,1,7,0,6,4,7,25,1,0
11,20,11,20,35,0,5,5,2,0,2,7,10,6,3,2,4,3,8,4,8,25,2,0
12,20,12,20,28,0,2,2,0,1,0,2,9,7,2,1,1,1,7,5,9,15,1,0
13,20,13,20,26,0,3,2,1,0,1,3,8,4,2,1,4,0,6,3,6,16,2,0
14,20,14,20,31,0,4,3,1,0,1,4,11,4,2,2,7,0,8,4,8,16,2,0
15,20,15,20,34,0,4,3,1,0,0,6,13,6,2,1,5,1,9,5,10,16,1,0
16,20,16,20,28,0,3,2,1,0,0,3,12,2,3,1,4,0,8,2,4,11,2,0
17,20,17,20,25,0,3,2,3,2,0,5,9,4,1,3,2,1,6,4,9,20,4,0
18,20,18,20,26,0,3,3,0,0,0,3,6,6,1,1,3,2,5,6,9,18,0,0
19,20,19,20,20,0,3,2,1,0,0,2,5,4,2,1,2,1,5,3,6,14,1,0
20,20,20,20,31,0,4,3,3,1,1,5,13,3,3,0,6,0,10,3,9,15,3,0
1,16,1,12,22,0,3,3,6,2,0,5,9,4,1,0,3,0,6,4,9,15,5,1
2,16,2,12,19,0,1,1,4,3,2,3,6,1,3,0,3,1,3,1,3,13,6,0
3,16,3,12,12,1,3,2,0,0,0,5,7,1,1,1,0,0,3,1,2,4,0,0
4,16,3,12,15,1,0,0,1,1,0,0,3,3,2,0,2,0,3,3,6,11,2,0
5,16,4,12,5,1,0,0,0,0,0,0,0,1,0,2,0,0,0,1,1,5,0,0
6,16,4,12,11,1,0,0,1,0,0,0,2,2,0,0,2,0,2,2,3,8,0,0
7,16,5,12,37,0,3,3,3,3,2,6,11,6,2,3,4,1,7,5,9,22,4,0
8,16,6,12,37,0,3,3,1,2,2,4,13,5,2,1,5,1,10,5,9,16,3,0
9,16,7,12,23,1,1,1,1,0,0,1,9,3,0,0,3,2,6,3,5,9,0,0
10,16,8,12,9,1,0,0,0,0,0,0,1,1,1,1,1,0,1,1,2,9,0,0
11,16,8,12,5,1,0,0,0,0,0,0,0,2,0,0,1,0,0,1,1,4,0,0
12,16,9,12,17,1,0,0,1,0,0,0,5,2,2,1,0,1,5,2,5,10,0,0
13,16,10,12,35,0,1,0,3,2,2,2,12,3,4,0,7,1,10,3,8,16,3,0
14,16,11,12,26,1,1,1,0,0,2,4,8,3,3,0,4,0,7,3,7,13,0,0
15,16,12,12,10,1,0,0,0,0,0,1,4,2,1,0,1,0,3,2,3,6,0,0
16,16,12,12,16,1,0,0,1,1,0,0,3,1,3,3,3,1,3,1,3,12,2,0
1,25,1,24,31,0,4,4,6,6,1,7,11,2,6,0,5,0,7,2,7,19,6,1
2,25,2,24,29,0,3,3,2,3,3,6,9,3,2,1,6,1,4,3,5,18,6,1
3,25,3,24,33,0,2,1,1,0,2,2,9,4,4,0,6,0,7,3,7,17,1,0
4,25,4,24,50,1,3,3,2,2,1,7,21,6,3,0,9,1,15,6,12,20,2,0
5,25,5,24,10,1,1,1,0,1,0,2,4,2,1,0,0,0,2,1,3,5,1,0
6,25,6,24,34,0,5,4,1,1,0,7,12,6,3,1,4,1,8,5,9,15,2,0
7,25,7,24,24,0,3,3,0,2,0,2,12,2,1,1,4,0,6,2,5,8,3,0
8,25,8,24,29,0,4,4,1,0,0,6,13,3,2,2,2,2,6,3,5,8,1,0
9,25,9,24,31,0,4,4,0,2,5,7,11,4,1,0,7,0,4,2,6,21,3,0
10,25,10,24,34,0,3,3,0,2,3,7,15,1,2,0,6,0,9,1,5,12,3,0
11,25,11,24,26,1,1,1,3,3,0,1,8,4,2,0,3,1,6,4,8,14,3,0
12,25,11,24,11,1,3,3,1,1,0,2,5,3,0,2,0,0,3,3,4,7,1,0
13,25,12,24,33,0,3,3,3,4,1,2,14,3,3,0,6,0,7,3,7,16,4,0
14,25,13,24,28,0,2,1,2,2,4,4,10,2,3,0,4,1,7,2,5,14,4,1
15,25,14,24,41,0,4,4,1,3,0,5,15,6,3,1,6,1,10,6,10,22,3,0
16,25,15,24,20,0,2,2,0,0,3,3,7,2,1,0,4,0,5,2,4,8,1,0
17,25,16,24,24,0,2,1,0,0,0,3,9,3,3,0,4,1,5,3,6,14,0,0
18,25,17,24,26,0,4,4,0,0,0,4,9,4,3,0,4,0,9,4,9,17,1,0
19,25,18,24,29,0,2,2,0,1,0,1,9,7,0,1,5,2,8,5,11,20,1,0
20,25,19,24,31,0,4,4,0,1,0,3,13,3,1,0,6,1,10,3,6,10,1,0
21,25,20,24,25,0,2,1,0,0,1,1,8,3,1,0,4,0,7,3,6,12,1,0
22,25,21,24,28,0,3,3,0,0,2,5,9,7,1,1,0,1,5,7,8,18,0,0
23,25,22,24,30,0,2,2,2,2,1,6,12,4,2,1,4,0,7,2,6,13,2,0
24,25,23,24,26,0,2,2,0,0,2,1,5,5,2,0,3,2,4,4,7,19,1,0
25,25,24,24,23,0,4,4,2,4,0,6,11,2,3,0,2,1,7,2,5,10,7,1
1,27,1,16,27,0,2,0,1,2,0,3,11,4,2,1,5,1,9,4,8,11,4,1
2,27,2,16,29,0,1,1,1,2,2,6,11,4,3,0,6,0,7,2,5,11,4,1
3,27,2,16,16,0,1,1,0,0,1,3,7,2,1,1,1,0,5,2,4,6,1,0
4,27,3,16,21,0,0,0,0,0,3,0,7,1,3,1,4,1,6,1,3,8,5,1
5,27,3,16,22,0,0,0,1,2,0,0,5,5,2,2,3,0,4,3,5,12,4,1
6,27,4,16,17,0,1,1,1,0,0,1,8,2,1,0,2,2,5,2,4,7,1,0
7,27,5,16,19,0,3,2,0,0,1,4,7,2,2,1,2,1,6,2,6,12,3,1
8,27,6,16,19,0,0,0,0,1,3,1,4,2,2,0,4,0,4,2,6,14,2,1
9,27,6,16,17,0,0,0,0,0,3,1,5,2,2,0,2,0,4,2,4,9,2,0
10,27,6,16,36,0,2,1,1,2,2,4,13,4,4,2,4,1,6,4,8,19,4,0
11,27,7,16,31,0,1,0,1,1,0,2,8,5,6,2,5,1,7,5,11,22,2,0
12,27,8,16,22,0,0,0,0,0,0,0,7,2,4,0,5,0,6,2,6,11,0,0
13,27,8,16,20,0,2,1,1,1,0,2,3,6,2,1,2,0,3,5,6,15,3,0
14,27,9,16,12,1,0,0,0,0,0,0,2,2,3,1,0,0,2,2,3,7,0,0
15,27,9,16,29,1,1,0,1,3,1,1,8,4,3,4,2,0,6,4,9,21,3,0
16,27,9,16,13,0,0,0,0,1,0,0,1,5,0,2,1,0,1,4,5,12,1,0
17,27,10,16,7,0,1,0,1,1,0,1,2,3,0,0,1,0,2,2,4,6,2,0
18,27,10,16,14,0,1,1,2,1,0,2,5,4,1,0,1,0,3,2,3,6,3,0
19,27,11,16,13,0,0,0,0,0,1,0,6,1,0,0,3,1,5,1,3,5,5,1
20,27,12,16,37,0,3,3,1,4,0,5,17,6,2,1,4,1,10,5,7,13,4,0
21,27,13,16,15,1,0,0,1,1,0,0,4,2,2,1,2,0,4,2,4,8,2,0
22,27,14,16,19,0,1,1,1,1,1,2,6,5,2,1,2,0,5,4,9,15,3,0
23,27,14,16,31,0,2,2,1,3,0,1,9,4,4,2,5,0,6,4,7,18,3,0
24,27,14,16,13,0,0,0,1,3,1,0,4,1,2,2,2,0,3,1,4,10,3,0
25,27,15,16,30,0,2,2,2,1,0,1,15,2,4,0,4,1,11,2,5,10,4,0
26,27,15,16,11,0,0,0,0,0,0,0,2,2,1,1,3,0,2,2,3,7,1,0
27,27,16,16,25,0,4,2,2,1,0,4,9,3,6,1,3,1,7,3,6,9,3,0
1,21,1,14,13,0,2,1,0,0,0,3,6,2,1,1,2,0,3,2,4,8,2,0
2,21,1,14,20,0,0,0,0,0,0,0,4,5,1,0,2,1,4,4,6,16,0,0
3,21,2,14,30,0,2,1,1,1,0,2,9,4,5,0,4,1,6,3,6,12,3,0
4,21,3,14,47,0,2,2,4,0,3,4,14,7,6,2,8,2,13,5,11,23,3,1
5,21,4,14,11,0,1,0,1,1,0,1,1,6,2,0,0,0,1,3,4,8,1,0
6,21,4,14,41,0,1,1,0,0,0,5,13,3,8,3,9,0,8,3,7,18,1,0
7,21,5,14,22,1,0,0,1,1,1,2,6,3,1,3,3,1,5,2,6,16,2,0
8,21,5,14,24,1,0,0,0,0,0,0,5,4,0,1,1,3,5,4,8,20,0,0
9,21,6,14,36,0,1,0,1,0,0,1,14,3,5,2,5,1,9,3,7,17,1,0
10,21,7,14,32,0,4,4,1,0,0,5,11,3,4,3,7,0,8,3,8,20,2,0
11,21,8,14,21,1,3,2,1,1,0,4,12,2,3,0,3,0,5,2,4,6,9,1
12,21,8,14,3,1,0,0,0,0,0,0,1,1,0,0,0,0,1,1,2,3,2,1
13,21,9,14,48,0,1,1,0,1,0,1,16,8,4,3,7,2,11,6,14,29,2,1
14,21,10,14,25,0,2,1,0,4,0,2,8,4,4,1,2,1,5,2,5,12,5,0
15,21,11,14,22,0,2,2,2,1,0,4,9,4,2,1,3,1,7,3,5,10,3,0
16,21,11,14,29,0,3,3,0,3,0,4,14,2,3,1,4,0,8,2,7,15,3,0
17,21,12,14,22,0,1,1,1,0,0,1,7,5,2,0,2,0,7,4,9,14,2,0
18,21,12,14,20,0,2,2,0,1,0,1,8,2,2,0,3,0,5,2,5,8,2,0
19,21,13,14,17,0,1,0,1,0,0,2,6,5,1,1,2,0,4,5,7,12,1,0
20,21,14,14,17,0,1,1,0,0,0,2,5,3,1,1,2,0,4,3,6,13,1,0
21,21,14,14,24,0,1,0,1,0,0,2,8,6,1,2,2,0,6,5,11,21,1,0
1,29,1,16,35,0,1,1,1,1,1,1,10,3,6,1,7,2,8,3,8,20,1,0
2,29,1,16,19,0,1,1,0,0,0,2,7,2,2,1,4,0,5,2,4,8,1,0
3,29,2,16,39,1,2,2,2,2,3,6,15,3,3,1,5,0,10,3,7,16,3,0
4,29,2,16,37,0,1,1,2,2,1,1,9,7,2,3,3,2,9,6,15,32,3,0
5,29,3,16,18,1,1,1,0,1,0,6,4,4,1,0,2,1,3,4,7,16,2,0
6,29,4,16,44,0,0,0,2,2,0,4,12,9,4,2,3,2,8,7,12,29,3,0
7,29,4,16,21,0,1,1,2,0,0,4,9,2,3,2,2,0,4,2,4,10,3,0
8,29,5,16,22,1,0,0,1,1,1,2,6,3,1,3,3,1,5,2,6,16,2,0
9,29,5,16,24,1,0,0,0,0,0,0,5,4,0,1,1,3,5,4,8,20,0,0
10,29,6,16,31,0,1,1,0,0,1,4,7,6,3,4,5,1,6,3,6,16,2,0
11,29,7,16,23,0,1,0,0,0,0,2,9,3,1,0,6,0,7,3,7,16,1,0
12,29,7,16,23,0,0,0,1,1,0,0,6,5,3,1,2,1,4,3,5,12,2,0
13,29,7,16,20,0,2,2,1,0,0,3,5,4,2,2,3,0,3,4,6,14,1,0
14,29,8,16,29,1,1,2,0,1,1,4,9,3,0,1,5,1,6,3,8,22,1,0
15,29,8,16,21,1,0,0,0,0,0,0,8,1,4,0,4,1,6,1,4,10,1,0
16,29,9,16,25,0,1,0,1,0,0,2,14,3,2,0,1,3,7,2,4,8,1,0
17,29,9,16,36,0,1,2,0,0,0,3,11,6,3,1,4,3,8,5,10,23,2,0
18,29,9,16,29,0,1,0,0,0,0,2,10,9,1,0,3,0,7,6,9,14,1,0
19,29,10,16,18,0,0,0,1,0,0,0,3,2,4,0,3,2,3,2,5,16,1,0
20,29,10,16,11,0,1,1,0,0,0,2,2,3,0,2,1,0,1,2,3,9,1,0
21,29,11,16,17,0,1,1,2,0,0,1,4,4,2,1,2,1,4,2,4,11,1,0
22,29,11,16,36,0,2,2,0,1,0,4,15,4,3,2,5,2,11,3,8,17,2,0
23,29,12,16,16,0,0,0,0,0,0,0,4,2,1,2,2,0,4,2,5,11,1,0
24,29,12,16,32,0,4,4,0,0,0,9,12,3,5,0,3,1,8,3,5,11,4,1
25,29,13,16,47,0,7,5,1,2,1,12,20,5,4,0,10,0,12,4,9,20,3,0
26,29,14,16,26,1,1,1,0,1,0,3,10,4,3,2,3,0,5,4,6,12,4,1
27,29,15,16,20,0,2,2,2,0,1,4,9,3,1,0,4,1,6,2,5,9,2,0
28,29,15,16,23,0,1,1,0,0,0,2,5,4,3,0,4,0,5,4,7,14,1,0
29,29,16,16,29,1,0,0,0,0,0,2,4,7,4,2,2,0,4,6,9,21,1,0
1,14,1,8,34,0,1,1,4,1,0,0,11,6,8,0,6,1,11,4,7,10,2,0
2,14,2,8,21,0,1,1,0,0,3,3,8,4,0,0,3,1,6,4,7,12,9,1
3,14,2,8,12,0,0,0,0,0,1,0,5,1,2,0,0,0,5,1,2,4,3,1
4,14,3,8,31,0,1,1,4,0,0,1,14,3,5,0,5,2,9,2,6,11,1,0
5,14,3,8,14,0,1,1,1,0,1,1,8,2,0,1,2,0,5,2,3,4,3,0
6,14,4,8,31,0,2,2,3,0,2,6,12,4,3,0,5,1,10,3,7,10,2,0
7,14,4,8,19,0,0,0,2,0,2,0,6,2,3,0,2,0,5,1,4,9,1,0
8,14,5,8,37,0,3,2,3,1,2,4,12,6,5,2,6,1,6,5,9,25,3,0
9,14,5,8,26,0,1,1,2,1,0,1,10,1,3,4,5,0,7,1,5,15,2,0
10,14,6,8,16,0,0,0,2,0,0,0,4,1,4,1,3,0,4,1,3,5,1,0
11,14,6,8,20,0,1,1,3,0,0,1,7,3,2,2,3,1,7,3,7,13,2,0
12,14,7,8,8,1,1,1,0,1,0,1,2,2,1,1,0,0,1,2,3,5,2,0
13,14,7,8,7,1,0,0,0,0,0,0,2,0,0,2,1,1,2,0,2,7,1,0
14,14,8,8,31,0,2,2,2,0,0,3,14,4,4,2,2,1,7,3,7,15,3,0
1,16,1,12,26,0,1,0,4,2,1,4,11,3,1,1,4,0,8,3,5,10,5,1
2,16,2,12,28,0,1,1,2,2,0,2,11,4,2,2,4,1,6,4,7,15,4,0
3,16,2,12,26,0,1,0,0,1,0,1,7,7,2,0,3,1,5,5,10,17,2,0
4,16,3,12,35,0,2,1,0,1,3,2,13,2,8,1,3,2,7,2,5,15,3,0
5,16,4,12,22,1,2,2,3,3,0,2,7,4,0,1,2,1,5,4,6,12,3,0
6,16,5,12,37,0,2,2,1,2,4,2,12,5,2,0,7,1,9,4,10,20,4,0
7,16,6,12,38,0,2,2,1,2,5,2,10,8,0,1,2,1,7,6,11,25,4,0
8,16,6,12,41,0,0,0,2,2,0,0,14,3,3,2,9,1,12,3,8,16,2,0
9,16,7,12,27,0,4,4,1,0,0,4,11,4,2,0,3,1,6,3,7,13,3,1
10,16,8,12,22,0,4,2,0,0,0,6,11,1,2,0,4,0,6,1,2,3,3,0
11,16,8,12,16,0,1,1,2,1,0,0,5,4,1,0,0,1,4,3,6,9,3,1
12,16,9,12,21,0,1,1,0,1,2,5,9,2,0,1,3,0,7,2,6,13,2,0
13,16,10,12,37,0,3,2,1,0,2,3,13,4,5,1,5,3,8,2,6,16,3,0
14,16,10,12,22,0,2,2,0,0,1,1,9,3,1,2,2,0,5,3,7,13,2,0
15,16,11,12,25,0,3,3,0,1,1,3,9,4,1,1,2,0,6,4,5,14,2,0
16,16,12,12,14,0,3,3,0,1,1,5,7,1,0,0,2,0,4,1,4,7,1,0
1,19,1,14,41,0,4,3,3,2,1,8,14,4,3,1,7,2,12,3,12,30,5,1
2,19,2,14,8,0,1,1,0,0,0,1,3,1,1,0,1,0,3,1,2,4,1,0
3,19,2,14,24,0,1,1,1,1,0,1,7,3,5,2,2,1,6,2,7,13,2,0
4,19,3,14,39,0,9,7,0,0,0,10,16,6,4,1,6,2,8,5,11,22,3,0
5,19,4,14,24,0,2,2,0,0,1,3,8,4,2,0,4,0,5,3,7,14,2,0
6,19,5,14,21,0,1,0,1,0,0,1,9,4,2,0,1,1,5,4,7,13,1,0
7,19,5,14,22,0,4,3,2,0,0,6,11,4,2,0,1,0,4,4,6,9,2,0
8,19,6,14,28,0,2,3,0,0,1,9,14,4,2,0,2,0,8,4,6,9,5,0
9,19,7,14,35,1,3,2,1,2,1,5,10,7,1,3,4,2,9,6,12,24,3,0
10,19,8,14,39,1,3,2,2,2,1,4,11,6,5,4,1,2,7,5,11,26,4,0
11,19,9,14,14,1,1,1,0,0,0,3,2,2,0,1,1,1,2,2,3,11,1,0
12,19,9,14,6,1,2,2,0,0,0,2,2,2,0,0,0,1,2,1,2,3,1,0
13,19,10,14,24,0,1,1,0,0,1,2,9,4,1,1,2,1,6,4,7,14,1,0
14,19,11,14,11,1,0,0,0,0,2,0,1,1,1,2,2,0,1,1,2,10,1,0
15,19,12,14,23,0,2,2,0,0,0,4,9,3,1,0,3,1,7,2,6,11,2,1
16,19,12,14,8,0,1,0,0,1,0,2,3,1,3,0,0,0,2,1,1,1,1,0
17,19,13,14,27,0,3,2,2,0,1,4,9,6,3,1,4,1,6,4,8,14,3,0
18,19,14,14,20,0,0,0,0,0,2,3,7,2,2,1,2,0,6,2,6,11,2,0
19,19,14,14,20,0,0,0,1,0,1,1,4,4,2,3,3,0,3,2,5,13,1,0
1,36,1,15,39,0,3,4,2,0,0,8,18,4,1,3,6,0,12,4,8,16,3,1
2,36,1,15,31,0,3,3,5,2,1,8,11,7,1,0,3,0,5,5,9,18,3,1
3,36,2,15,25,0,1,1,1,0,2,2,5,4,3,1,5,0,4,4,8,21,2,0
4,36,2,15,38,0,2,2,0,1,1,3,11,9,2,3,3,0,6,8,12,25,4,0
5,36,3,15,45,0,2,4,4,2,2,8,15,8,1,3,8,0,11,6,11,24,5,1
6,36,3,15,20,0,1,2,1,0,2,4,8,3,1,0,1,1,3,3,6,12,2,0
7,36,3,15,28,0,1,1,2,1,2,3,12,3,1,0,5,0,9,3,5,12,2,0
8,36,4,15,13,0,1,1,0,0,0,1,6,2,1,0,2,0,3,2,5,10,1,0
9,36,5,15,23,1,3,3,0,0,0,7,12,2,2,0,2,0,6,2,5,8,1,0
10,36,5,15,16,1,0,0,1,1,0,0,4,4,2,1,1,1,3,4,7,12,1,0
11,36,6,15,13,0,1,1,1,1,0,1,5,2,2,0,2,1,4,1,2,3,3,1
12,36,7,15,16,0,0,0,1,0,1,1,5,2,2,0,4,0,4,2,4,11,2,1
13,36,7,15,9,0,1,1,1,1,1,1,3,2,0,1,1,0,2,2,4,7,2,0
14,36,7,15,27,0,3,3,0,0,0,6,12,3,2,1,4,0,6,2,6,11,3,0
15,36,7,15,21,0,1,1,2,3,2,4,8,2,3,0,4,0,4,2,4,13,4,0
16,36,8,15,19,0,1,1,0,0,1,1,6,5,0,2,4,1,5,3,6,12,2,0
17,36,8,15,21,0,2,2,0,0,1,6,9,2,1,0,4,0,4,1,4,10,1,0
18,36,8,15,23,0,1,1,0,0,0,1,8,3,3,3,2,0,5,3,7,14,1,0
19,36,8,15,12,0,0,0,1,2,0,0,7,1,0,0,2,1,5,1,2,3,2,0
20,36,9,15,17,0,2,2,0,0,1,4,6,2,1,1,3,0,3,2,4,10,1,0
21,36,9,15,31,0,0,0,1,0,3,1,8,7,1,1,4,1,7,6,10,22,2,0
22,36,10,15,12,0,1,1,0,1,0,2,5,3,0,1,0,1,3,2,2,4,1,0
23,36,11,15,24,0,0,0,1,1,0,0,5,2,3,4,4,0,5,2,4,14,2,0
24,36,11,15,14,0,1,1,0,1,1,2,5,2,1,0,3,0,3,2,4,10,3,1
25,36,11,15,14,0,1,0,1,0,0,1,5,4,0,0,3,0,4,2,4,6,0,0
26,36,11,15,20,0,1,1,0,0,0,1,8,2,1,0,4,2,7,2,5,9,2,0
27,36,11,15,23,0,3,3,0,0,0,4,11,2,0,1,5,0,7,2,5,10,1,0
28,36,12,15,27,0,2,0,3,2,2,2,9,6,1,1,3,1,7,4,9,16,3,0
29,36,12,15,34,0,1,1,0,0,4,2,11,4,4,0,6,2,9,3,7,17,2,0
30,36,13,15,33,0,1,1,1,3,2,2,7,6,6,4,2,2,6,6,10,26,4,0
31,36,14,15,27,0,3,3,2,3,0,5,11,5,2,0,5,0,6,4,6,10,3,0
32,36,14,15,11,0,1,1,0,0,1,3,5,2,1,0,1,0,4,1,1,2,3,1
33,36,14,15,22,0,2,2,0,2,0,1,7,6,1,0,1,1,5,4,7,11,3,0
34,36,15,15,20,0,2,2,0,1,0,3,7,3,3,0,2,1,5,1,3,5,1,0
35,36,15,15,38,1,7,7,0,2,1,11,14,9,1,3,3,1,7,7,12,22,3,0
36,36,15,15,11,1,2,1,0,1,0,1,5,2,1,0,0,0,3,2,3,5,1,0
1,29,1,14,43,0,4,4,6,6,2,6,16,5,5,0,8,0,10,5,11,20,12,1
2,29,2,14,13,0,1,1,2,1,0,0,4,4,1,0,1,0,3,3,5,8,3,1
3,29,2,14,30,0,0,0,2,2,0,0,11,4,2,2,4,2,9,3,7,12,3,0
4,29,2,14,24,0,1,0,0,0,1,1,8,4,2,2,5,0,5,4,8,17,1,0
5,29,3,14,43,0,2,2,1,2,2,5,15,8,2,1,9,1,11,6,10,22,3,0
6,29,4,14,31,0,4,4,3,3,2,5,12,2,2,1,6,2,9,1,5,11,5,0
7,29,4,14,15,0,1,1,2,3,0,0,4,4,0,0,3,0,4,3,5,8,4,0
8,29,5,14,26,0,0,0,2,1,4,1,8,1,5,1,5,0,8,1,5,13,3,0
9,29,5,14,19,0,1,1,0,0,0,3,6,3,1,1,2,1,3,3,4,11,1,0
10,29,5,14,12,0,0,0,0,0,2,0,4,1,1,0,2,0,4,1,3,6,0,0
11,29,6,14,26,0,0,0,4,3,4,1,8,3,3,2,2,1,6,3,7,17,5,0
12,29,7,14,9,0,3,2,0,0,0,3,4,1,1,1,0,1,3,1,2,5,2,1
13,29,7,14,11,0,2,2,0,0,0,1,3,2,3,0,1,1,3,2,4,7,1,0
14,29,7,14,17,0,0,0,0,0,0,0,3,4,2,1,3,1,3,3,6,13,1,0
15,29,7,14,33,0,6,5,1,1,0,8,17,1,4,0,4,1,10,1,2,6,4,1
16,29,7,14,23,0,4,4,1,1,0,7,11,1,1,0,5,1,7,1,3,8,2,0
17,29,8,14,34,0,3,3,1,1,0,3,14,3,2,1,7,1,9,3,6,11,3,0
18,29,9,14,20,0,2,2,1,1,0,2,7,2,5,0,3,1,5,2,4,10,1,0
19,29,9,14,23,0,2,1,0,0,1,3,8,3,1,1,2,0,7,3,7,13,2,0
20,29,10,14,55,0,2,1,2,3,0,4,17,7,5,3,12,1,11,5,12,29,5,1
21,29,11,14,24,0,3,2,1,2,0,4,10,4,1,0,3,0,6,3,7,11,3,0
22,29,11,14,31,0,1,1,0,2,2,3,10,6,4,1,4,0,8,6,11,18,2,0
23,29,12,14,20,0,1,1,0,0,3,1,7,1,3,1,4,0,5,1,3,7,2,0
24,29,12,14,24,0,2,2,0,0,1,4,10,1,3,2,3,0,7,1,4,8,1,0
25,29,12,14,27,0,4,3,0,1,2,4,10,3,2,1,6,0,7,3,5,10,2,0
26,29,13,14,22,0,3,3,1,0,0,5,8,3,2,1,5,0,6,3,6,9,1,0
27,29,13,14,29,0,0,0,2,2,1,1,11,4,1,0,4,2,9,4,7,12,4,0
28,29,14,14,12,0,1,1,0,0,1,1,5,3,0,0,1,0,3,2,5,8,2,0
29,29,14,14,26,0,0,0,1,1,3,1,7,4,3,0,6,1,5,3,7,17,3,0
1,8,1,6,28,0,2,2,8,0,2,4,11,4,3,0,2,0,7,4,9,15,11,1
2,8,2,6,36,0,5,3,1,1,0,7,13,4,3,1,4,4,10,4,8,16,2,0
3,8,3,6,16,0,2,2,0,1,0,1,4,4,3,1,0,1,4,3,6,10,2,1
4,8,3,6,32,0,1,1,1,1,0,3,11,6,4,0,4,1,7,4,8,15,2,0
5,8,4,6,18,0,2,2,1,0,0,2,10,1,1,1,3,0,5,1,3,5,1,0
6,8,4,6,22,0,2,2,1,0,1,5,10,3,2,0,2,1,3,2,5,13,2,0
7,8,5,6,26,0,0,0,1,0,0,0,10,6,3,0,4,0,6,5,7,13,2,0
8,8,6,6,15,0,1,1,2,1,0,2,5,4,1,0,2,0,4,3,5,7,3,0
1,19,1,7,24,0,2,1,2,3,0,2,10,3,2,1,1,0,7,3,9,17,3,0
2,19,2,7,15,0,1,0,1,0,0,1,6,3,2,0,1,0,5,3,6,9,0,0
3,19,2,7,25,0,0,0,0,1,1,0,6,3,3,1,3,0,6,3,6,15,2,0
4,19,2,7,22,0,1,0,2,1,1,1,7,1,2,2,2,0,6,1,6,14,2,1
5,19,3,7,31,0,3,2,2,2,2,4,11,4,3,0,6,0,9,4,11,22,6,1
6,19,3,7,23,0,0,0,0,0,1,0,5,3,3,2,4,0,5,3,6,15,0,0
7,19,4,7,10,0,0,0,0,1,0,0,2,4,1,0,0,0,2,2,2,5,2,0
8,19,4,7,23,0,0,0,1,3,2,0,7,2,3,1,5,0,6,2,5,16,5,0
9,19,4,7,12,1,0,0,0,1,0,0,5,4,0,0,1,0,3,3,5,7,2,0
10,19,4,7,29,0,2,2,1,1,1,2,9,3,6,1,4,2,8,3,7,13,2,0
11,19,5,7,28,0,0,0,1,1,0,0,9,7,5,0,5,0,8,4,9,15,2,0
12,19,6,7,4,0,0,0,0,0,0,0,1,0,3,0,0,0,1,0,1,3,0,0
13,19,6,7,25,0,1,1,1,2,0,2,8,5,3,0,2,1,7,4,6,12,3,0
14,19,6,7,5,0,0,0,0,0,1,0,2,0,0,0,1,0,1,0,1,3,1,0
15,19,6,7,10,0,0,0,0,0,0,0,2,3,1,1,1,0,2,2,3,5,1,0
16,19,7,7,16,0,2,1,1,1,0,1,6,4,1,0,2,0,5,3,6,9,1,0
17,19,7,7,13,0,0,0,0,0,0,2,5,1,2,1,1,0,2,1,3,8,1,0
18,19,7,7,10,1,0,0,0,0,0,1,4,1,0,0,0,0,3,1,3,6,0,0
19,19,7,7,10,1,0,0,0,0,0,0,3,2,0,0,1,0,2,2,3,6,0,0
1,12,1,8,29,0,2,2,4,2,3,2,8,5,3,1,5,0,8,3,6,16,4,1
2,12,2,8,34,0,3,3,4,1,0,4,12,6,2,0,7,0,10,5,9,13,6,1
3,12,2,8,34,0,2,1,2,2,4,2,11,3,2,0,6,1,9,3,8,22,6,1
4,12,3,8,34,0,0,0,1,1,2,0,11,5,1,0,7,0,10,5,11,21,4,0
5,12,3,8,23,0,1,0,0,0,0,0,8,5,3,0,3,1,7,4,7,11,0,0
6,12,4,8,19,0,3,2,2,2,1,3,6,2,1,0,3,1,5,2,4,13,2,0
7,12,5,8,9,0,1,1,1,0,0,0,3,4,0,0,0,0,3,2,5,7,2,0
8,12,5,8,16,0,0,0,0,1,0,0,6,2,2,1,0,0,5,2,6,11,2,0
9,12,6,8,31,0,5,4,3,4,3,4,12,2,4,0,6,1,9,2,5,11,5,0
10,12,6,8,15,0,2,2,0,0,0,6,9,1,1,0,0,1,4,1,4,6,0,0
11,12,7,8,28,0,0,0,1,1,3,1,12,1,3,0,5,0,9,1,5,12,2,0
12,12,8,8,18,0,3,3,1,1,0,2,9,2,0,0,2,1,6,2,5,8,2,0
1,10,1,8,39,0,1,0,9,5,3,2,13,6,2,2,7,1,9,6,12,24,9,1
2,10,2,8,49,0,2,2,6,3,3,4,14,6,5,1,10,1,10,5,11,30,10,1
3,10,3,8,33,1,1,1,2,1,0,1,12,7,5,0,2,3,10,6,10,18,4,0
4,10,4,8,27,0,5,5,2,1,1,5,13,0,1,1,5,1,8,0,1,4,2,0
5,10,5,8,23,0,6,4,1,0,1,7,8,3,2,0,5,2,5,2,4,11,1,0
6,10,6,8,25,0,2,1,3,2,2,2,7,3,3,0,4,0,6,2,5,12,6,1
7,10,6,8,18,0,7,3,1,1,0,7,9,1,1,0,2,1,5,1,4,8,3,1
8,10,7,8,20,0,0,0,1,1,2,2,8,1,4,0,3,0,6,1,2,3,2,0
9,10,7,8,22,0,1,1,2,0,2,1,6,4,1,1,2,1,5,4,7,14,1,0
10,10,8,8,40,0,1,1,0,0,0,1,12,10,4,0,2,3,11,7,12,20,2,0
1,19,1,11,34,0,5,4,5,0,1,9,13,6,5,2,1,1,7,5,7,16,6,1
2,19,2,11,19,0,4,4,1,1,0,6,10,2,1,0,1,1,4,2,6,11,2,0
3,19,3,11,52,1,2,3,3,1,0,7,17,10,4,2,4,3,10,8,14,27,6,0
4,19,4,11,17,0,1,1,1,0,0,1,4,5,3,0,0,0,3,4,5,10,2,0
5,19,4,11,33,0,3,4,3,1,0,5,13,6,2,0,7,1,8,5,10,20,3,0
6,19,5,11,7,0,1,2,2,0,0,2,3,1,1,0,0,0,2,1,2,3,1,0
7,19,5,11,5,0,0,0,0,0,0,0,2,0,1,0,1,0,1,0,1,2,0,0
8,19,6,11,18,1,0,1,1,0,0,3,10,1,3,1,2,0,5,1,3,6,1,0
9,19,6,11,25,1,0,0,0,0,0,0,9,4,1,0,2,1,8,4,10,17,3,0
10,19,7,11,67,1,0,1,0,0,0,4,27,6,6,2,6,3,15,5,14,33,2,0
11,19,7,11,19,1,0,0,0,0,0,0,8,3,0,0,2,0,5,3,6,11,2,0
12,19,8,11,39,1,1,1,1,0,0,2,13,6,5,1,6,0,11,6,14,30,2,0
13,19,8,11,26,1,1,2,0,0,0,3,11,4,2,0,0,3,7,4,9,14,2,0
14,19,9,11,37,1,2,3,3,0,0,5,9,4,7,2,8,1,7,4,9,24,3,0
15,19,9,11,11,1,1,1,2,0,0,0,1,1,6,1,0,1,1,1,2,11,2,0
16,19,9,11,28,1,2,2,2,1,0,2,9,4,4,2,3,3,5,4,6,17,2,0
17,19,10,11,20,0,3,2,1,0,0,3,6,5,2,2,2,0,5,4,8,14,1,0
18,19,10,11,17,0,0,0,1,0,0,0,4,5,1,0,2,0,3,3,5,10,2,0
19,19,11,11,30,1,3,4,2,1,0,4,13,2,5,1,2,1,9,2,7,15,2,0
1,26,1,18,27,0,5,5,5,1,0,6,11,6,2,1,3,2,8,5,10,15,5,0
2,26,2,18,46,1,6,4,5,2,0,9,21,6,3,2,5,2,11,6,10,20,6,1
3,26,3,18,36,0,0,1,1,0,0,1,16,7,2,0,2,3,11,7,8,15,2,0
4,26,4,18,37,1,1,1,1,1,0,1,13,8,0,0,4,2,9,8,12,21,5,0
5,26,4,18,53,1,2,3,2,1,0,5,24,4,3,0,7,3,13,4,11,21,5,0
6,26,5,18,25,0,0,1,0,0,0,2,9,4,2,1,3,0,7,3,10,22,2,0
7,26,6,18,23,0,1,1,2,1,0,0,6,5,2,3,2,0,4,4,8,19,5,0
8,26,6,18,3,0,0,0,1,0,0,0,1,1,0,0,0,0,1,1,2,2,0,0
9,26,7,18,36,1,2,4,0,0,0,6,14,9,2,2,4,2,8,7,12,23,2,0
10,26,8,18,47,1,1,1,2,1,0,1,19,8,2,0,5,3,12,7,12,21,4,0
11,26,9,18,35,0,2,2,3,2,1,2,9,8,2,2,3,2,8,6,13,23,4,1
12,26,9,18,21,0,2,2,2,1,1,3,5,4,2,1,3,0,5,3,6,15,4,1
13,26,10,18,23,0,1,1,0,0,0,1,10,3,2,1,2,1,4,2,5,12,2,0
14,26,10,18,31,0,1,1,1,1,0,2,11,4,4,0,5,2,9,4,8,15,3,0
15,26,11,18,21,0,4,3,2,0,1,3,7,2,3,0,3,1,5,2,4,8,2,0
16,26,12,18,31,0,2,2,2,0,1,2,13,2,4,3,5,2,6,1,6,20,2,0
17,26,12,18,33,1,2,2,0,0,1,4,11,3,3,3,4,1,7,3,7,17,4,0
18,26,13,18,30,1,1,2,1,0,2,3,10,2,2,3,6,1,5,2,5,17,2,0
19,26,13,18,37,1,1,1,1,1,2,2,8,6,5,3,5,0,7,6,10,27,5,0
20,26,14,18,26,0,2,2,2,1,0,2,7,5,2,3,3,1,6,3,7,15,6,1
21,26,14,18,3,0,0,0,1,0,0,0,1,1,0,0,0,0,1,1,2,2,0,0
22,26,15,18,30,1,0,0,1,1,0,0,6,8,2,2,3,1,6,6,9,16,3,1
23,26,16,18,8,1,0,0,0,0,0,0,2,2,1,0,1,0,2,2,4,7,0,0
24,26,17,18,40,1,2,2,2,1,0,2,10,9,0,4,3,3,9,9,13,25,4,1
25,26,17,18,27,1,0,0,1,1,0,0,6,5,2,3,1,2,5,5,10,21,3,0
26,26,18,18,15,0,2,2,0,0,0,1,3,4,0,2,3,1,3,3,5,12,2,0
1,70,1,23,11,0,1,1,0,1,0,1,6,1,0,0,1,1,4,1,2,3,2,0
2,70,2,23,31,0,6,4,2,0,2,13,17,2,2,0,4,0,9,2,6,12,4,0
3,70,2,23,38,0,2,2,2,0,0,2,12,6,2,4,4,1,9,6,10,23,5,1
4,70,2,23,21,1,2,1,2,0,0,2,3,7,1,1,2,0,3,6,7,16,8,1
5,70,2,23,36,1,1,1,1,0,0,1,9,10,2,0,4,1,8,8,14,25,13,1
6,70,3,23,20,0,3,1,1,1,0,5,9,3,1,0,0,2,7,3,5,9,3,1
7,70,3,23,19,0,2,1,1,0,0,3,9,1,2,1,4,0,6,1,3,6,2,1
8,70,3,23,40,0,3,2,0,1,0,4,14,6,4,2,3,1,9,6,11,20,5,1
9,70,4,23,31,0,1,1,3,0,0,1,8,5,5,1,5,1,8,5,7,17,7,1
10,70,4,23,20,0,1,1,4,2,0,0,6,5,3,0,3,0,6,5,9,13,6,1
11,70,4,23,33,1,1,1,2,0,1,2,11,4,3,1,5,2,9,4,7,14,4,0
12,70,5,23,15,0,1,1,1,0,0,2,5,3,0,1,2,1,4,3,7,12,3,1
13,70,6,23,33,0,3,2,1,1,0,3,12,2,3,1,8,0,9,2,6,15,2,0
14,70,6,23,59,0,6,5,2,1,0,7,21,8,3,4,8,1,13,7,14,30,4,0
15,70,6,23,15,0,2,2,2,1,0,1,5,5,1,0,0,0,5,4,7,11,2,0
16,70,7,23,25,0,4,4,2,1,0,6,11,2,1,0,5,0,7,2,6,12,4,1
17,70,7,23,15,0,1,1,1,0,0,1,5,2,2,0,1,1,4,2,4,8,5,1
18,70,7,23,25,1,2,1,1,1,0,2,8,4,2,0,3,0,6,3,6,14,2,0
19,70,8,23,30,0,5,4,3,3,0,8,15,2,3,2,5,0,9,2,6,11,5,0
20,70,9,23,25,0,3,3,2,0,0,8,12,3,0,2,3,0,6,3,8,14,4,1
21,70,9,23,27,0,3,2,2,0,0,3,9,4,2,1,3,1,6,3,5,12,3,1
22,70,9,23,28,0,4,3,1,2,0,4,10,5,1,1,4,1,8,4,8,14,4,0
23,70,10,23,15,0,2,1,1,0,2,2,4,2,1,1,3,0,4,1,4,11,2,0
24,70,10,23,21,0,2,1,2,0,0,3,10,1,1,0,3,1,7,1,3,5,2,0
25,70,10,23,14,0,2,1,0,0,0,3,5,4,1,1,1,0,3,3,4,8,1,0
26,70,10,23,24,0,5,4,1,2,0,8,10,3,0,0,2,1,8,3,6,10,4,0
27,70,10,23,9,0,2,2,0,0,0,1,4,3,0,1,0,0,2,3,5,7,0,0
28,70,11,23,30,0,4,2,2,0,0,6,16,0,1,0,5,0,8,0,3,7,2,0
29,70,11,23,32,0,4,4,2,1,0,5,15,2,3,0,2,1,8,2,5,12,3,0
30,70,11,23,25,0,3,2,1,0,0,7,11,3,3,0,3,1,6,3,5,10,2,0
31,70,11,23,9,1,1,1,0,0,0,1,4,2,0,0,0,0,3,2,3,4,0,0
32,70,12,23,50,0,3,2,1,0,0,4,15,5,9,1,10,1,14,5,12,28,4,1
33,70,12,23,29,0,4,3,2,1,0,4,10,3,4,1,6,0,9,2,5,8,3,0
34,70,12,23,18,1,1,1,1,0,0,3,10,2,0,0,2,0,5,1,3,6,1,0
35,70,12,23,25,1,1,1,0,0,1,0,8,5,2,0,2,2,7,2,4,9,0,0
36,70,12,23,19,0,2,2,1,0,0,2,8,4,0,0,2,0,5,3,4,6,3,0
37,70,13,23,23,0,4,3,1,2,0,4,8,3,2,0,3,2,7,2,5,12,4,0
38,70,13,23,18,0,1,0,1,0,0,1,7,1,2,1,2,1,6,1,5,11,2,0
39,70,13,23,48,0,10,5,2,2,0,14,23,3,6,0,3,4,13,3,8,17,3,0
40,70,14,23,13,0,1,0,1,0,0,1,3,5,3,0,0,0,3,3,4,6,3,0
41,70,14,23,48,0,6,5,3,3,0,10,20,6,6,1,7,1,14,5,10,18,4,0
42,70,14,23,30,0,6,5,1,0,0,10,12,5,2,2,4,0,7,4,6,15,2,0
43,70,15,23,25,0,4,4,4,1,0,9,15,1,0,0,4,0,7,1,2,5,5,0
44,70,15,23,17,0,3,1,2,1,0,3,9,1,0,0,2,0,5,1,4,7,3,0
45,70,16,23,30,0,2,2,1,2,0,4,11,6,2,1,4,2,6,6,10,21,5,0
46,70,16,23,51,1,2,2,1,1,0,3,14,9,0,2,7,4,12,8,14,31,2,0
47,70,16,23,10,1,0,0,1,0,0,0,3,1,1,0,1,0,3,1,3,6,1,0
48,70,17,23,25,0,2,1,2,0,0,3,8,3,1,1,6,0,7,3,6,11,3,0
49,70,17,23,37,1,3,2,1,0,0,6,20,3,0,1,4,1,8,3,7,14,9,1
50,70,17,23,21,1,0,0,1,0,0,0,5,3,4,0,4,0,5,3,6,14,2,0
51,70,17,23,11,1,0,1,1,0,0,1,3,2,0,2,2,0,3,2,5,9,2,1
52,70,18,23,26,0,2,2,2,2,0,3,11,2,2,0,2,2,8,2,5,10,3,0
53,70,18,23,41,0,1,1,2,1,1,3,18,5,2,1,6,1,12,5,11,18,3,0
54,70,18,23,38,0,0,0,2,1,0,2,11,7,3,1,4,1,10,7,15,27,5,0
55,70,18,23,30,0,1,1,2,1,0,1,13,2,3,1,4,1,11,2,6,12,3,0
56,70,18,23,27,0,1,1,0,0,0,4,9,4,6,1,2,1,5,3,4,10,1,0
57,70,19,23,28,0,1,1,2,1,0,0,10,3,2,0,4,1,8,3,9,21,3,0
58,70,19,23,43,0,6,5,3,1,1,8,18,5,2,3,7,2,13,5,10,20,5,0
59,70,19,23,30,1,0,0,2,1,0,0,11,2,2,1,5,0,9,2,8,18,3,0
60,70,20,23,34,0,3,2,3,2,0,3,11,4,4,0,5,0,9,4,9,17,4,0
61,70,20,23,22,0,1,1,2,0,0,1,6,4,2,1,4,1,6,4,8,14,3,0
62,70,21,23,39,1,3,3,0,0,0,5,14,8,0,2,5,0,8,6,10,23,2,0
63,70,21,23,8,1,1,1,0,0,0,1,2,1,2,0,1,0,1,1,2,4,1,0
64,70,21,23,7,1,0,0,0,0,0,0,1,2,1,1,1,0,1,2,3,7,1,0
65,70,21,23,26,1,1,1,2,1,0,0,5,7,1,0,1,2,5,5,10,22,3,0
66,70,22,23,31,1,2,1,1,1,0,2,10,7,1,1,5,0,8,6,11,16,4,0
67,70,23,23,17,1,0,0,0,0,0,1,9,2,1,0,1,0,5,2,5,7,1,0
68,70,23,23,19,1,0,0,0,0,0,0,6,3,2,3,1,0,5,3,5,11,1,0
69,70,23,23,5,1,0,0,0,0,0,0,0,2,0,0,1,0,0,2,2,5,0,0
70,70,23,23,3,1,0,0,0,0,0,0,0,1,0,0,0,0,0,1,1,3,0,0
1,50,1,29,57,0,10,9,3,0,0,24,27,7,3,1,6,3,12,6,10,20,4,0
2,50,2,29,34,0,3,3,0,0,0,8,14,6,1,0,9,1,10,3,6,9,1,0
3,50,2,29,15,0,7,6,0,0,0,7,9,0,1,0,2,1,6,0,1,1,0,0
4,50,3,29,17,1,1,1,0,1,0,2,6,3,2,1,0,1,4,3,7,14,3,0
5,50,4,29,33,0,1,1,1,0,0,2,11,3,5,0,4,3,10,3,6,11,2,0
6,50,5,29,46,0,2,1,1,0,2,2,13,9,3,2,6,0,10,8,14,31,2,0
7,50,6,29,48,0,2,2,3,0,1,2,12,10,6,2,7,1,11,7,14,29,3,0
8,50,7,29,56,0,3,3,0,1,0,5,19,12,4,2,6,2,14,9,16,28,4,0
9,50,8,29,19,1,1,1,1,0,0,2,7,2,4,2,0,1,6,2,5,10,2,0
10,50,8,29,25,1,0,0,2,0,0,0,4,6,3,2,2,2,3,5,8,19,1,0
11,50,9,29,49,0,3,2,2,0,0,4,19,9,1,1,9,1,12,6,14,27,4,1
12,50,10,29,16,0,1,1,2,0,0,1,4,4,1,1,3,0,4,4,5,10,2,0
13,50,10,29,21,0,0,0,0,0,0,0,4,6,1,0,4,1,4,3,6,13,1,0
14,50,11,29,18,1,0,0,0,0,0,0,5,3,1,1,3,0,5,3,5,9,2,0
15,50,11,29,15,1,0,0,0,0,0,0,4,3,0,0,3,0,4,2,5,9,1,0
16,50,12,29,12,0,2,2,1,0,0,3,3,2,1,1,1,1,2,2,4,10,4,1
17,50,12,29,15,0,0,0,1,0,0,0,4,1,1,0,3,0,4,1,3,9,1,0
18,50,12,29,5,0,0,0,1,0,0,0,1,1,0,0,1,0,1,1,2,4,1,0
19,50,13,29,44,0,0,0,0,0,0,0,13,4,7,2,6,2,10,4,8,18,2,0
20,50,14,29,13,0,1,1,0,0,0,3,3,1,1,1,4,0,2,1,2,9,1,0
21,50,14,29,43,1,5,3,1,0,0,8,20,4,1,1,5,2,13,4,8,14,2,0
22,50,15,29,15,1,2,2,0,0,0,9,11,2,1,0,0,0,3,2,3,4,1,0
23,50,15,29,41,0,2,2,1,0,0,2,13,9,4,1,4,1,10,6,9,16,1,0
24,50,15,29,6,0,0,0,1,0,0,0,2,1,0,0,0,0,2,1,3,4,1,0
25,50,16,29,38,0,3,1,1,0,0,5,16,4,2,2,5,1,12,4,11,22,2,0
26,50,17,29,29,1,0,0,0,0,0,0,8,4,2,1,3,2,8,4,9,20,1,0
27,50,18,29,6,0,2,0,0,0,0,1,3,1,0,2,0,0,1,1,2,4,1,0
28,50,19,29,83,0,15,14,3,0,0,29,43,5,1,1,15,3,22,4,10,22,4,0
29,50,20,29,48,0,3,3,2,0,1,6,17,4,5,2,9,2,11,4,11,25,3,0
30,50,20,29,18,0,3,3,1,0,1,6,8,1,1,0,4,0,5,1,4,9,1,0
31,50,21,29,15,0,1,1,1,0,0,1,2,5,2,0,2,0,2,4,6,13,2,0
32,50,21,29,38,0,6,6,1,0,0,15,20,2,1,1,5,1,11,2,5,11,2,0
33,50,22,29,31,0,0,0,1,1,0,1,11,6,2,0,4,2,6,4,6,15,2,0
34,50,22,29,18,0,1,1,1,0,0,1,6,3,3,0,3,1,6,2,4,8,4,1
35,50,22,29,38,0,1,1,0,0,1,3,14,6,2,0,5,0,12,5,11,22,2,0
36,50,23,29,39,0,4,4,1,0,0,6,11,6,4,1,6,0,9,6,10,19,2,0
37,50,23,29,26,0,0,0,1,0,0,1,6,3,4,1,4,2,6,3,7,15,3,0
38,50,24,29,22,1,2,3,1,0,1,3,5,7,1,1,2,1,4,6,10,19,2,0
39,50,24,29,7,1,0,0,1,0,0,0,1,1,1,1,0,1,1,1,2,5,1,0
40,50,25,29,17,0,3,2,1,0,0,2,7,3,1,1,3,0,6,3,5,7,2,0
41,50,25,29,29,0,2,2,3,0,0,2,5,8,2,3,4,1,4,8,10,23,3,0
42,50,26,29,20,0,0,0,0,0,0,0,4,5,4,0,0,2,3,2,5,15,2,0
43,50,26,29,15,0,0,0,0,0,0,0,2,5,0,0,2,0,2,4,6,13,2,0
44,50,27,29,20,1,0,0,0,0,0,0,3,6,2,1,1,0,3,4,7,14,2,0
45,50,27,29,14,1,0,0,0,0,0,0,3,4,0,0,1,1,3,3,5,9,1,0
46,50,28,29,45,0,1,0,1,0,0,1,12,8,2,4,7,0,10,7,14,30,3,0
47,50,28,29,25,0,1,0,1,0,0,1,5,6,2,0,3,1,5,5,9,21,1,0
48,50,29,29,16,1,1,1,0,0,0,2,6,1,2,1,2,0,3,1,4,11,9,1
49,50,29,29,20,1,0,0,0,0,0,1,4,3,3,1,2,1,4,2,4,11,9,1
50,50,29,29,13,1,2,2,3,0,0,3,4,3,0,0,3,1,2,3,5,11,6,1
1,32,1,25,12,0,0,0,0,0,0,0,3,3,2,1,1,0,3,2,5,9,1,0
2,32,2,25,41,0,3,3,1,1,0,7,18,5,3,0,7,0,12,4,12,24,6,0
3,32,3,25,25,0,1,1,0,1,0,2,7,4,4,1,3,0,5,4,8,18,2,0
4,32,3,25,20,0,2,2,1,0,1,2,4,5,0,1,3,0,4,4,7,16,2,0
5,32,4,25,44,0,3,3,2,0,1,6,12,11,3,0,2,1,7,8,13,27,7,1
6,32,5,25,36,0,2,2,0,0,0,5,14,2,3,1,6,2,9,2,6,15,2,0
7,32,6,25,25,0,1,0,0,0,0,1,10,4,2,1,3,2,7,4,9,17,2,0
8,32,6,25,8,0,0,0,0,0,0,0,2,2,1,1,0,0,2,2,4,6,2,0
9,32,7,25,51,0,2,1,0,0,2,4,17,7,5,1,12,0,14,6,14,33,5,1
10,32,8,25,13,0,3,3,1,0,0,5,7,3,0,0,1,1,3,2,4,6,4,1
11,32,8,25,42,0,1,1,2,0,0,3,17,6,2,3,3,2,13,5,11,22,3,1
12,32,9,25,17,0,2,2,1,0,0,4,6,4,1,0,1,1,4,3,5,10,5,0
13,32,10,25,50,0,4,4,1,2,0,9,18,8,3,2,8,1,11,6,12,27,5,0
14,32,11,25,46,1,6,5,1,0,1,8,20,6,2,2,7,0,11,5,11,22,2,0
15,32,12,25,34,0,3,4,2,0,1,9,18,4,3,0,4,2,9,4,6,9,5,0
16,32,12,25,13,1,0,0,0,0,0,0,5,1,0,0,3,0,5,1,2,3,3,0
17,32,13,25,16,0,1,1,1,1,0,0,7,1,3,2,1,0,5,1,5,11,2,0
18,32,14,25,31,0,0,0,0,1,0,0,7,8,2,1,4,1,6,5,10,22,3,0
19,32,15,25,19,0,0,0,1,0,0,0,7,3,2,0,1,0,6,3,8,12,2,0
20,32,16,25,28,0,2,1,1,0,0,3,10,4,3,2,2,0,6,4,9,18,4,0
21,32,17,25,26,0,1,1,1,1,1,3,8,6,0,2,3,1,6,5,9,16,3,0
22,32,18,25,7,0,1,1,0,0,0,2,4,1,0,0,0,0,2,1,3,4,1,0
23,32,19,25,30,0,0,0,0,0,0,0,10,5,3,1,4,1,7,5,10,20,2,0
24,32,20,25,27,0,1,1,0,0,0,2,10,4,1,1,3,0,6,4,8,15,2,0
25,32,21,25,26,0,1,1,0,1,0,2,9,3,6,0,2,0,7,3,6,11,2,0
26,32,22,25,29,0,4,2,1,0,0,3,10,5,2,0,5,1,8,3,8,16,2,0
27,32,23,25,28,1,2,2,0,1,0,5,12,2,5,0,3,2,7,2,6,12,3,0
28,32,24,25,28,1,3,2,0,0,0,9,14,3,5,0,3,0,7,3,5,7,1,0
29,32,24,25,11,0,1,1,2,0,0,1,3,1,2,1,1,0,2,1,2,5,2,0
30,32,25,25,26,0,3,3,1,1,0,7,13,2,0,1,2,1,7,2,6,10,2,0
31,32,25,25,11,0,0,0,0,1,0,0,4,2,1,0,2,0,4,2,2,4,3,0
32,32,25,25,10,0,1,1,0,0,0,1,3,2,2,0,1,0,2,1,3,7,1,0
1,38,1,23,31,0,4,3,3,0,0,9,16,5,2,0,2,0,8,4,9,15,5,0
2,38,2,23,40,0,1,0,0,1,1,1,11,9,2,1,5,1,10,6,13,25,6,1
3,38,2,23,18,0,0,0,0,0,0,0,2,4,4,1,1,0,2,4,6,13,2,0
4,38,3,23,19,0,3,3,1,0,4,5,9,2,0,0,2,0,5,2,3,9,4,0
5,38,3,23,27,0,0,0,1,0,2,0,8,4,3,1,3,1,7,4,5,12,3,0
6,38,4,23,35,0,5,4,3,0,0,9,14,6,4,0,2,1,9,5,11,19,6,0
7,38,4,23,34,0,2,0,0,0,0,5,13,5,5,0,5,2,10,4,7,14,2,0
8,38,5,23,33,0,2,1,1,1,0,1,12,6,1,1,4,1,8,6,9,18,3,0
9,38,6,23,31,0,1,1,1,1,0,2,9,6,3,1,4,0,7,4,9,15,2,0
10,38,7,23,47,0,3,3,3,1,0,4,18,6,3,1,7,2,13,6,14,27,4,0
11,38,8,23,10,0,1,0,1,0,0,1,4,2,0,0,1,0,3,2,5,7,1,0
12,38,8,23,50,0,8,7,1,0,0,17,25,6,2,0,6,1,14,5,9,17,5,0
13,38,9,23,21,0,3,3,1,2,0,3,7,5,1,0,3,1,6,2,4,7,3,0
14,38,9,23,21,0,1,1,2,0,0,0,7,3,0,2,1,1,6,3,7,13,2,0
15,38,10,23,14,0,1,1,2,0,0,2,7,1,3,1,0,1,3,1,3,7,2,0
16,38,11,23,17,1,2,2,1,0,0,3,7,3,0,0,1,0,5,3,4,6,2,0
17,38,11,23,31,1,0,0,0,1,0,0,15,2,4,0,5,1,9,2,8,15,2,0
18,38,12,23,31,1,5,5,1,1,0,8,11,7,0,1,3,2,6,5,9,16,4,0
19,38,13,23,15,0,5,5,0,1,0,6,10,1,0,0,0,1,5,1,3,4,1,0
20,38,14,23,19,0,2,2,1,0,0,2,7,4,1,0,3,0,6,2,4,6,1,0
21,38,14,23,11,0,2,2,1,0,1,2,3,2,0,1,1,0,3,2,3,8,1,0
22,38,15,23,28,0,1,1,2,1,0,2,6,4,6,0,2,1,6,2,6,13,4,0
23,38,15,23,36,0,0,0,1,0,0,2,10,6,4,1,6,2,10,5,11,22,2,0
24,38,16,23,21,0,0,0,1,0,0,0,6,4,2,0,4,0,5,4,9,17,2,0
25,38,16,23,59,0,0,0,1,0,0,1,15,13,6,2,8,1,13,10,17,35,3,0
26,38,17,23,24,0,3,3,3,1,0,2,8,5,1,1,6,0,6,3,7,13,4,0
27,38,18,23,31,0,3,2,2,2,2,4,12,4,2,0,5,0,8,4,10,18,5,0
28,38,18,23,10,0,1,1,1,0,0,0,4,2,1,1,1,0,4,2,4,8,2,0
29,38,18,23,9,0,0,0,0,0,0,0,3,1,0,0,1,0,2,1,2,5,1,0
30,38,19,23,20,0,0,0,0,0,2,0,6,2,2,0,3,1,4,2,4,8,2,0
31,38,20,23,27,0,2,1,1,1,0,3,10,5,3,1,1,0,8,5,11,18,3,0
32,38,21,23,12,0,1,1,1,0,0,3,5,1,2,0,1,0,3,1,3,4,2,0
33,38,21,23,27,0,3,3,2,0,0,5,9,5,1,1,4,0,7,4,8,15,4,0
34,38,21,23,21,0,3,2,2,0,1,4,9,4,1,0,3,0,5,4,7,12,3,0
35,38,22,23,28,0,4,4,2,0,0,7,11,5,2,1,3,1,7,4,7,13,6,0
36,38,23,23,26,0,6,3,1,1,0,9,11,4,4,1,4,0,7,3,7,13,7,0
37,38,23,23,30,0,3,2,1,0,0,5,12,3,5,0,4,1,9,3,7,14,4,0
38,38,23,23,26,0,4,4,1,0,0,11,15,3,1,1,2,0,7,3,7,11,3,0
1,44,1,26,9,0,0,0,0,0,0,0,4,2,0,1,1,0,2,2,4,7,2,0
2,44,2,26,38,0,3,3,4,1,0,10,18,3,3,2,3,0,9,3,8,18,5,0
3,44,3,26,27,1,2,2,3,1,0,2,10,4,2,0,2,0,7,4,8,15,5,1
4,44,3,26,36,0,1,1,2,3,1,1,13,5,2,0,6,1,8,4,7,14,7,1
5,44,4,26,27,0,2,2,2,0,0,3,9,4,1,2,4,1,7,4,9,17,5,0
6,44,4,26,15,0,0,0,0,0,0,0,3,5,2,0,1,1,3,3,6,9,1,0
7,44,5,26,29,0,1,1,1,0,0,1,6,5,4,0,3,1,6,4,8,20,2,0
8,44,6,26,26,0,3,3,2,2,0,4,12,2,1,0,5,1,8,2,5,8,4,1
9,44,7,26,32,0,2,2,2,0,0,3,14,5,2,1,2,2,7,5,11,21,5,1
10,44,7,26,32,1,2,2,1,1,0,3,8,8,1,2,3,2,6,8,11,22,3,0
11,44,8,26,10,0,0,0,0,0,0,0,3,2,2,0,2,0,3,1,3,4,1,0
12,44,8,26,19,0,0,0,1,0,0,0,6,4,1,0,2,1,5,3,7,11,3,0
13,44,8,26,35,0,1,1,1,1,3,2,11,2,2,2,6,2,8,2,8,23,2,0
14,44,9,26,37,0,2,2,1,0,0,4,11,8,1,0,5,1,9,7,12,22,4,0
15,44,10,26,37,0,1,1,0,0,0,0,10,6,5,0,3,2,9,5,13,25,2,0
16,44,11,26,30,1,2,2,0,0,0,1,10,5,3,0,5,1,8,4,7,14,3,0
17,44,12,26,16,0,0,0,0,0,0,0,4,1,2,1,3,1,4,1,3,9,1,0
18,44,12,26,27,0,3,3,3,1,1,6,11,5,0,2,3,2,7,5,9,15,5,0
19,44,13,26,16,0,0,0,2,1,0,0,8,1,1,1,2,1,4,1,4,8,4,0
20,44,13,26,39,0,4,4,3,2,2,7,13,7,2,0,3,2,9,6,10,16,5,0
21,44,14,26,43,0,2,2,3,0,0,6,13,8,4,2,4,0,7,7,13,29,5,1
22,44,14,26,23,0,3,2,1,0,1,9,13,3,1,1,1,1,6,3,6,9,2,1
23,44,15,26,40,1,4,4,2,0,0,8,14,8,3,1,5,1,9,6,9,16,5,0
24,44,16,26,30,0,4,1,1,1,0,3,11,5,0,1,4,0,8,5,10,21,4,0
25,44,16,26,13,1,0,0,0,0,0,0,5,1,1,2,0,1,5,1,4,8,1,0
26,44,17,26,23,0,3,1,2,0,0,5,10,4,1,1,2,1,7,4,6,11,5,0
27,44,17,26,23,0,0,0,0,0,0,1,8,5,1,1,2,1,5,4,8,12,1,0
28,44,18,26,40,0,6,3,1,0,0,8,13,5,7,0,8,2,8,4,8,19,4,0
29,44,19,26,30,0,2,2,0,0,0,1,12,4,2,1,6,0,9,4,9,15,3,0
30,44,19,26,14,0,0,0,1,1,0,0,4,3,1,0,2,0,3,2,3,5,2,0
31,44,19,26,11,0,1,1,0,0,0,0,4,2,2,1,1,0,3,1,3,4,2,0
32,44,20,26,17,0,2,2,2,0,0,3,8,1,0,2,4,0,4,1,3,8,4,0
33,44,20,26,22,0,4,3,0,0,0,9,10,5,0,1,3,0,4,3,7,13,2,0
34,44,21,26,53,0,5,5,1,0,1,10,22,8,4,1,6,1,15,8,14,27,6,0
35,44,21,26,14,0,1,1,3,0,0,3,7,2,1,0,2,0,5,2,3,5,2,0
36,44,22,26,23,0,1,2,3,1,0,4,11,5,1,1,3,0,5,4,7,12,4,0
37,44,22,26,29,0,0,0,0,0,0,0,10,5,2,1,4,0,9,4,9,15,2,0
38,44,22,26,22,0,1,1,0,0,0,1,9,2,2,0,2,0,5,2,6,12,2,0
39,44,23,26,6,0,1,1,0,0,0,1,3,1,0,0,0,0,2,1,3,4,1,0
40,44,24,26,17,0,0,0,2,0,0,0,6,1,2,0,3,0,5,1,3,5,2,0
41,44,24,26,16,0,0,0,0,0,0,0,1,4,0,1,2,0,1,3,4,14,1,0
42,44,25,26,27,0,3,3,3,1,0,4,8,5,2,1,1,1,6,5,9,16,4,0
43,44,26,26,33,0,1,0,2,1,0,3,12,4,6,1,5,0,8,3,6,12,3,0
44,44,26,26,18,0,1,1,3,0,0,3,6,3,3,0,3,0,4,2,4,8,3,0
1,31,1,9,13,0,2,1,2,0,0,2,5,1,1,1,3,0,4,1,3,6,1,0
2,31,1,9,22,0,2,1,1,0,0,2,9,2,4,2,0,0,6,2,7,16,3,0
3,31,1,9,12,0,1,1,2,1,1,3,5,1,3,0,1,1,3,1,3,5,1,0
4,31,2,9,50,0,1,1,1,0,0,1,20,4,5,4,4,1,10,4,8,21,1,0
5,31,3,9,12,0,0,0,0,0,0,0,3,1,1,0,3,0,3,1,2,7,1,0
6,31,3,9,17,0,0,0,0,0,0,1,7,1,2,1,3,0,5,1,4,10,0,0
7,31,3,9,30,0,1,1,0,1,0,2,8,3,3,5,6,1,6,3,9,26,1,0
8,31,3,9,39,0,2,2,1,0,0,3,12,3,5,3,3,3,9,3,9,24,1,0
9,31,3,9,12,0,0,0,0,0,0,1,1,1,3,2,2,0,1,1,2,10,1,0
10,31,4,9,29,0,2,2,1,1,0,1,9,6,2,1,2,2,8,6,10,18,2,0
11,31,4,9,31,0,1,0,3,2,1,2,6,6,3,4,3,1,4,5,8,22,3,0
12,31,4,9,14,0,2,2,0,1,0,2,6,1,0,2,2,0,4,1,5,11,1,0
13,31,4,9,28,0,1,2,0,1,0,3,9,7,1,1,2,1,4,7,10,21,2,0
14,31,4,9,32,0,0,0,1,0,0,1,10,2,6,1,5,2,9,2,7,18,0,0
15,31,5,9,18,0,1,1,1,0,0,1,5,4,2,1,3,0,5,4,8,13,2,0
16,31,5,9,17,0,0,0,1,0,0,2,6,0,4,3,2,0,3,0,3,11,2,0
17,31,5,9,29,0,2,1,0,0,0,2,12,4,2,1,4,1,7,4,9,16,1,0
18,31,5,9,15,0,4,4,1,1,0,4,5,1,0,2,3,2,4,1,2,7,1,0
19,31,5,9,48,0,3,2,1,0,2,3,14,4,5,3,9,2,11,4,11,32,3,0
20,31,6,9,22,0,0,0,2,0,0,1,7,2,3,1,3,0,4,2,5,13,4,1
21,31,6,9,18,0,2,2,2,1,1,4,5,3,2,1,2,1,4,3,7,17,2,0
22,31,6,9,13,0,0,0,1,0,1,2,4,3,1,0,0,1,2,3,5,10,1,0
23,31,6,9,16,0,0,1,2,1,2,1,6,2,0,2,2,1,5,2,5,10,2,0
24,31,6,9,17,0,0,0,3,1,1,1,8,1,3,0,2,1,5,1,3,7,2,0
25,31,6,9,17,0,0,0,0,1,0,0,6,2,2,0,2,2,4,2,5,10,2,0
26,31,6,9,22,0,0,1,1,0,0,1,6,2,5,1,1,1,5,2,5,11,1,0
27,31,6,9,5,0,1,1,0,0,0,0,1,0,1,1,1,0,1,0,1,5,0,0
28,31,7,9,34,0,11,5,2,2,2,13,16,3,2,1,4,3,7,3,7,15,3,0
29,31,7,9,24,0,4,3,2,1,1,7,10,1,3,1,3,1,6,1,3,7,3,0
30,31,8,9,33,0,3,2,3,3,6,10,13,3,1,2,3,1,8,3,8,21,3,0
31,31,9,9,5,0,0,0,0,0,0,0,2,0,0,0,2,0,2,0,1,1,0,0
1,4,1,1,14,0,1,1,3,3,2,2,4,3,1,0,0,1,4,3,5,9,2,1
2,4,1,1,21,0,0,0,0,1,0,1,5,3,3,1,1,0,4,3,7,17,2,1
3,4,1,1,23,0,1,1,0,1,0,2,7,4,2,1,2,1,4,3,5,14,1,0
4,4,1,1,12,0,1,0,0,0,1,0,3,3,1,0,1,0,3,3,4,8,2,0
1,112,1,23,10,0,1,0,5,3,2,1,3,1,2,0,1,0,2,1,3,8,3,1
2,112,1,23,24,0,1,1,0,1,0,2,7,3,2,4,3,2,6,3,6,18,1,0
3,112,1,23,2,0,0,0,0,0,0,0,1,0,0,0,0,0,1,0,1,1,0,0
4,112,1,23,18,0,0,0,3,3,1,1,4,2,5,2,1,1,3,2,5,13,3,1
5,112,1,23,4,0,0,0,0,0,0,0,0,0,1,1,2,0,0,0,0,4,0,0
6,112,2,23,5,0,1,0,1,1,1,1,2,1,2,0,0,0,2,1,1,1,1,0
7,112,2,23,24,0,4,4,0,1,1,6,11,3,2,0,2,2,6,2,5,10,2,0
8,112,2,23,15,0,0,0,0,0,2,1,4,1,1,1,3,0,2,1,3,11,1,0
9,112,3,23,2,0,0,0,0,0,0,0,2,0,0,0,0,0,1,0,1,1,0,0
10,112,3,23,11,0,0,0,1,1,0,0,2,1,3,1,1,0,2,1,3,11,1,0
11,112,3,23,10,0,0,0,1,1,0,0,4,1,0,0,2,0,4,1,4,7,1,0
12,112,3,23,1,0,0,0,0,0,0,0,1,0,0,0,0,0,1,0,1,1,0,0
13,112,3,23,8,0,0,0,0,0,0,0,3,0,2,1,0,0,2,0,2,6,0,0
14,112,4,23,18,0,0,0,1,1,0,0,6,1,2,1,3,1,5,1,4,8,1,0
15,112,4,23,4,0,0,0,0,0,0,0,2,0,1,0,0,0,2,0,1,1,1,0
16,112,4,23,22,0,0,0,2,2,8,1,7,1,0,0,3,1,7,1,3,9,3,0
17,112,4,23,13,0,0,0,0,1,0,0,2,1,2,4,1,2,2,1,3,12,1,0
18,112,4,23,13,0,0,0,0,0,2,0,4,1,1,2,1,0,3,1,2,5,1,0
19,112,4,23,22,0,0,0,1,1,0,0,4,3,3,1,3,0,4,3,4,12,1,0
20,112,4,23,16,0,0,0,0,0,0,0,4,1,4,2,0,2,3,1,3,8,0,0
21,112,5,23,12,0,0,0,2,2,1,1,2,2,2,1,2,0,2,2,4,10,2,0
22,112,5,23,21,0,1,1,0,0,3,3,10,1,0,0,4,0,6,1,3,7,1,0
23,112,5,23,29,0,3,3,1,1,2,1,11,2,2,0,4,0,9,2,3,11,1,0
24,112,6,23,20,0,0,0,1,1,0,0,6,2,3,1,2,0,5,2,4,8,1,0
25,112,6,23,26,0,2,3,0,0,4,9,13,2,2,0,2,1,6,1,4,9,0,0
26,112,6,23,34,0,2,2,1,1,0,4,12,2,1,2,4,2,8,2,7,17,1,0
27,112,6,23,8,0,0,0,0,0,0,0,1,1,1,1,0,1,1,1,2,6,0,0
28,112,6,23,6,0,0,0,0,0,1,0,2,0,0,1,0,1,2,0,2,6,0,0
29,112,7,23,10,0,1,0,0,0,2,2,3,1,1,1,1,0,2,1,3,9,1,0
30,112,7,23,5,0,0,0,0,0,0,0,2,0,1,1,0,0,2,0,2,4,0,0
31,112,7,23,14,0,1,1,0,0,1,3,4,3,2,2,1,0,3,3,5,9,1,0
32,112,7,23,19,0,0,0,0,0,0,2,6,2,1,0,2,2,3,2,3,9,0,0
33,112,7,23,11,0,1,1,0,0,0,2,2,2,0,1,1,1,1,2,3,9,1,0
34,112,7,23,20,0,0,0,0,0,0,0,4,4,3,1,2,0,4,4,7,14,0,0
35,112,7,23,7,0,0,0,0,0,0,0,2,1,1,0,0,1,1,1,2,4,0,0
36,112,7,23,6,0,0,0,0,0,0,0,1,1,0,0,2,0,1,1,2,5,1,0
37,112,8,23,7,0,0,0,1,1,0,0,3,1,0,0,1,0,3,1,3,5,1,0
38,112,8,23,24,0,0,0,2,2,2,1,4,7,1,3,0,1,4,5,9,19,3,0
39,112,8,23,15,0,0,0,1,1,0,0,2,3,2,2,1,0,2,3,5,15,1,0
40,112,8,23,9,0,0,0,1,0,0,0,1,2,3,2,1,0,1,1,2,7,0,0
41,112,9,23,46,0,2,2,1,1,0,0,11,7,5,7,8,2,9,6,11,31,2,0
42,112,9,23,10,0,5,2,0,0,0,4,6,1,1,0,1,0,2,1,2,4,0,0
43,112,9,23,10,0,0,0,0,0,0,0,2,1,1,1,2,0,2,1,3,7,0,0
44,112,9,23,32,0,0,0,1,0,1,0,6,4,7,3,6,0,6,4,10,25,1,0
45,112,10,23,8,0,0,0,0,0,0,0,1,3,0,0,0,0,1,3,4,8,1,0
46,112,10,23,4,0,0,0,0,0,0,0,0,1,1,1,0,0,0,1,1,4,0,0
47,112,10,23,24,0,0,0,1,1,0,0,5,3,4,4,3,2,4,3,7,20,1,0
48,112,10,23,19,0,0,0,1,1,1,1,6,2,3,0,1,0,6,2,4,8,2,0
49,112,10,23,10,0,0,0,2,1,0,0,2,1,2,0,2,0,2,1,2,3,2,0
50,112,11,23,9,0,2,1,1,1,1,5,6,1,1,0,0,0,2,1,1,1,1,0
51,112,11,23,34,0,5,2,1,0,4,11,10,3,5,2,2,3,8,2,8,25,2,0
52,112,11,23,15,0,0,1,0,1,0,2,3,5,0,1,2,0,2,5,7,14,1,0
53,112,11,23,28,0,1,1,3,3,2,3,6,3,3,4,3,3,6,3,7,23,3,1
54,112,11,23,14,0,0,0,1,0,0,0,1,4,2,2,2,0,1,2,3,11,1,0
55,112,12,23,46,0,1,1,1,1,2,4,11,7,3,3,8,1,9,5,12,34,1,0
56,112,12,23,8,0,1,1,0,1,0,1,2,1,2,1,1,0,2,1,3,8,1,0
57,112,13,23,11,0,0,0,2,2,2,2,3,2,0,0,1,0,2,2,4,8,2,0
58,112,13,23,13,0,0,0,0,0,0,1,3,3,1,2,0,1,2,3,5,9,0,0
59,112,13,23,11,0,0,0,0,0,0,1,3,0,2,3,1,1,1,0,1,7,1,0
60,112,13,23,25,0,1,1,1,1,0,5,9,4,0,2,4,1,5,3,6,13,1,0
61,112,13,23,18,0,1,1,1,1,2,1,3,1,2,3,2,1,3,1,4,16,1,0
62,112,13,23,8,0,0,0,1,0,0,0,1,1,0,3,0,0,1,1,2,7,0,0
63,112,13,23,16,0,1,1,2,2,1,1,5,2,2,2,0,0,3,2,2,6,2,0
64,112,13,23,18,0,2,2,1,1,0,1,4,3,1,2,1,2,4,3,5,13,1,0
65,112,14,23,19,0,0,0,3,2,4,1,5,2,1,1,3,0,4,2,5,13,3,0
66,112,14,23,10,0,0,0,0,0,0,0,2,2,1,0,2,0,2,2,3,7,0,0
67,112,14,23,14,0,0,0,0,0,0,0,5,3,0,2,2,1,3,2,3,8,1,0
68,112,14,23,21,0,0,0,0,0,0,0,5,3,2,2,3,1,4,3,5,14,1,0
69,112,14,23,13,0,0,0,0,0,0,0,4,2,1,1,0,2,2,2,3,7,0,0
70,112,14,23,5,0,0,0,0,0,1,1,1,0,1,1,0,1,1,0,1,4,1,0
71,112,14,23,14,0,0,0,0,0,0,0,2,2,2,2,2,1,2,2,4,13,1,0
72,112,15,23,7,0,0,0,0,0,0,0,3,1,0,1,0,0,2,1,3,4,0,0
73,112,15,23,15,0,0,0,0,0,0,0,6,1,1,2,1,1,5,1,4,8,1,0
74,112,15,23,8,0,0,0,0,0,0,0,1,1,2,2,1,0,1,1,2,8,0,0
75,112,15,23,6,0,0,0,0,0,0,0,0,2,1,0,1,0,0,2,2,6,0,0
76,112,15,23,14,0,0,0,0,0,1,1,3,2,2,1,3,0,3,2,4,9,0,0
77,112,15,23,9,0,0,0,0,0,0,0,1,0,0,3,1,1,1,0,1,8,1,0
78,112,15,23,11,0,1,0,1,1,2,2,3,1,1,1,1,0,3,1,2,5,2,0
79,112,16,23,25,0,0,0,2,2,2,2,4,3,4,4,2,1,4,3,5,17,2,0
80,112,16,23,18,0,0,0,0,0,0,0,6,1,2,1,2,1,4,1,3,8,0,0
81,112,16,23,20,0,0,0,0,0,0,0,4,5,3,0,2,2,4,3,4,11,0,0
82,112,16,23,14,0,0,0,0,0,0,0,1,3,2,3,0,2,1,3,4,14,0,0
83,112,16,23,3,0,0,0,0,0,0,0,1,0,1,1,0,0,1,0,1,3,0,0
84,112,17,23,9,0,0,0,0,0,0,0,1,1,2,2,1,0,1,1,2,7,0,0
85,112,17,23,24,0,0,0,1,1,0,0,6,4,3,0,4,0,6,3,8,15,1,0
86,112,17,23,5,0,0,0,0,0,0,0,2,0,1,1,0,0,2,0,2,3,0,0
87,112,17,23,15,0,1,1,0,0,0,0,4,3,1,2,2,0,3,1,3,7,0,0
88,112,17,23,23,0,0,0,0,0,1,0,6,4,2,1,2,1,5,4,8,16,0,0
89,112,17,23,2,0,0,0,0,0,0,0,0,1,0,0,0,0,0,1,1,2,0,0
90,112,17,23,29,0,1,1,1,1,0,1,7,5,2,4,3,2,6,4,8,21,1,0
91,112,18,23,12,0,0,0,2,2,1,1,3,0,4,1,1,0,3,0,2,5,2,0
92,112,18,23,33,0,0,0,0,0,1,1,8,7,3,2,3,1,4,5,7,23,2,0
93,112,18,23,21,0,0,0,1,1,0,0,4,5,2,0,2,1,3,4,6,13,1,0
94,112,19,23,22,0,1,1,0,0,5,3,5,1,1,2,4,1,5,1,4,14,1,0
95,112,19,23,24,0,1,1,0,0,0,2,4,5,1,2,5,0,3,5,8,22,1,0
96,112,19,23,16,0,0,0,0,0,2,1,3,3,1,0,1,0,2,3,5,13,1,0
97,112,20,23,10,0,0,0,0,0,0,0,2,2,0,1,1,1,1,2,3,8,1,0
98,112,20,23,13,0,1,1,2,2,0,0,5,1,2,1,1,0,4,1,2,4,2,0
99,112,20,23,6,0,0,0,0,0,0,0,1,1,1,1,0,0,1,1,2,4,0,0
100,112,20,23,19,0,0,0,2,2,1,1,4,3,1,1,2,2,4,2,6,17,2,0
101,112,20,23,16,0,0,0,0,0,0,0,2,3,2,3,1,1,2,3,5,15,0,0
102,112,21,23,20,0,0,0,1,1,0,0,2,3,5,1,2,1,2,3,5,17,1,0
103,112,21,23,19,0,0,0,1,1,0,0,5,3,2,2,1,2,4,3,7,12,1,0
104,112,21,23,23,0,0,0,0,0,0,0,3,3,6,3,2,1,3,3,6,21,1,0
105,112,21,23,28,0,1,1,3,2,5,2,8,2,2,0,5,0,5,2,6,17,3,1
106,112,21,23,19,0,1,1,2,2,2,4,6,1,1,3,3,1,4,1,4,11,2,0
107,112,22,23,9,0,0,0,0,0,0,0,1,1,1,2,3,0,1,1,2,9,0,0
108,112,22,23,35,0,2,2,3,2,2,3,9,4,4,2,6,1,7,3,8,19,3,1
109,112,22,23,19,0,0,0,3,2,1,1,3,3,3,3,0,1,3,3,5,16,2,0
110,112,23,23,5,0,0,0,0,0,0,0,1,1,0,1,0,0,1,1,2,4,0,0
111,112,23,23,16,0,0,0,1,0,0,0,2,3,2,5,2,0,2,2,4,14,0,0
112,112,23,23,2,0,1,0,0,0,0,0,1,0,1,0,0,0,1,0,1,2,0,0
1,151,1,29,4,0,0,0,0,0,0,0,2,1,1,0,0,0,1,1,2,3,1,0
2,151,1,29,12,0,0,0,0,0,0,0,3,0,3,2,1,1,3,0,2,6,0,0
3,151,1,29,15,0,0,0,1,1,0,0,2,4,2,1,2,0,2,3,3,11,1,0
4,151,2,29,17,0,0,0,2,2,1,0,6,1,2,2,3,0,6,1,3,5,2,0
5,151,2,29,16,0,0,0,0,0,0,0,3,2,2,3,2,0,3,1,4,12,1,0
6,151,2,29,18,0,0,0,0,0,0,0,5,1,5,0,2,1,5,1,3,5,2,0
7,151,3,29,18,0,0,0,2,1,1,0,2,2,2,1,4,1,2,2,4,15,2,0
8,151,3,29,12,0,0,0,0,0,0,0,5,2,0,2,0,1,3,2,4,8,0,0
9,151,3,29,9,0,0,0,0,0,0,0,0,2,0,1,2,0,0,2,2,9,0,0
10,151,4,29,21,0,2,1,0,0,0,3,9,2,2,1,4,0,5,2,5,11,1,0
11,151,4,29,24,0,0,0,0,0,0,0,6,3,4,3,2,1,3,3,6,19,0,0
12,151,4,29,10,0,0,0,1,1,0,1,3,1,1,1,1,0,3,1,4,9,1,0
13,151,5,29,14,0,1,1,0,0,0,2,5,2,1,0,2,0,3,2,3,6,1,0
14,151,5,29,20,0,0,0,0,0,2,1,6,1,3,1,2,0,6,1,5,12,1,0
15,151,5,29,9,0,0,0,0,0,0,0,2,1,2,1,1,1,1,1,2,7,0,0
16,151,5,29,12,0,1,1,0,0,0,1,4,2,2,0,2,1,3,2,4,8,0,0
17,151,5,29,11,0,0,0,0,0,0,0,4,0,2,1,1,1,4,0,2,3,0,0
18,151,5,29,19,0,0,0,1,1,0,0,4,3,2,1,2,0,4,3,5,12,1,0
19,151,5,29,29,0,2,1,1,1,0,3,13,1,4,1,5,0,7,1,4,9,1,0
20,151,5,29,22,0,0,0,0,0,0,1,5,4,0,2,0,2,4,3,4,14,1,0
21,151,6,29,11,0,1,1,0,0,1,1,6,1,0,0,1,0,3,1,3,5,2,0
22,151,6,29,15,0,1,0,0,0,0,3,6,2,1,1,0,1,3,2,5,11,1,0
23,151,6,29,22,0,2,1,0,0,0,2,8,4,3,0,2,1,7,4,7,12,1,0
24,151,6,29,32,0,3,0,0,0,0,3,10,4,1,4,4,3,8,3,8,20,1,0
25,151,7,29,17,0,1,1,0,0,1,0,7,2,1,2,1,1,3,2,5,11,1,0
26,151,7,29,11,0,0,0,0,0,0,0,3,1,2,0,1,0,2,1,3,7,1,0
27,151,7,29,25,0,0,0,0,0,0,0,7,4,0,0,5,0,6,4,8,16,0,0
28,151,7,29,5,0,1,1,0,0,0,0,1,1,2,0,0,1,1,1,2,5,0,0
29,151,7,29,8,0,0,0,0,0,0,0,2,1,2,0,0,0,2,1,1,3,0,0
30,151,7,29,26,0,1,1,0,0,2,3,9,2,2,3,3,1,5,2,7,17,0,0
31,151,7,29,18,0,0,0,0,0,2,1,4,2,3,1,1,2,3,2,5,14,1,0
32,151,7,29,30,0,1,1,0,0,2,3,8,4,1,2,6,1,5,4,7,20,1,0
33,151,7,29,18,0,0,0,0,0,0,0,6,3,3,2,1,1,4,3,5,11,0,0
34,151,8,29,9,0,0,0,0,0,0,0,2,1,1,1,2,0,2,1,3,7,1,0
35,151,8,29,13,0,0,0,0,0,0,1,1,3,2,3,2,0,1,2,3,10,1,0
36,151,8,29,17,0,1,1,0,0,0,1,5,3,1,2,3,0,5,2,4,9,1,0
37,151,8,29,10,0,0,0,0,0,0,0,3,1,2,1,1,0,3,1,3,7,0,0
38,151,8,29,22,0,4,1,0,1,0,5,8,4,1,5,1,1,4,4,5,11,1,0
39,151,8,29,22,0,2,0,0,0,0,1,6,4,0,1,2,1,6,4,8,18,1,0
40,151,8,29,16,0,0,0,2,1,0,0,5,0,4,2,2,0,3,0,2,10,3,0
41,151,9,29,15,0,0,0,1,1,0,0,3,3,2,2,3,0,2,3,5,12,2,0
42,151,9,29,14,0,1,1,0,0,0,2,5,2,1,2,2,0,1,2,3,9,0,0
43,151,9,29,4,0,0,0,0,0,0,0,2,1,0,1,0,0,2,1,3,4,0,0
44,151,10,29,9,0,1,0,0,0,0,1,3,1,1,0,2,0,3,1,3,4,1,0
45,151,10,29,16,0,2,2,0,0,1,2,6,2,2,1,2,1,4,2,5,9,1,0
46,151,10,29,6,0,0,0,0,0,0,0,2,0,1,1,1,0,1,0,1,5,0,0
47,151,10,29,10,0,0,0,1,0,0,0,3,1,2,0,1,0,2,1,3,7,1,0
48,151,10,29,10,0,0,0,0,0,0,0,1,2,1,2,1,1,1,2,3,10,0,0
49,151,10,29,14,0,1,1,0,0,0,2,3,2,1,2,3,0,3,2,4,11,0,0
50,151,10,29,16,0,3,3,0,0,0,4,9,1,0,1,0,0,4,1,4,7,0,0
51,151,10,29,17,0,0,0,0,0,0,0,6,2,3,0,1,0,4,2,5,11,0,0
52,151,11,29,20,0,4,2,0,0,0,5,10,1,1,2,3,0,7,1,3,7,2,0
53,151,11,29,16,0,5,3,0,0,0,3,6,3,2,1,2,1,5,3,5,11,1,0
54,151,11,29,8,0,2,1,0,0,0,3,3,1,3,0,0,0,2,1,1,1,1,0
55,151,11,29,18,0,2,2,0,0,0,3,12,1,2,0,2,1,6,1,3,5,1,0
56,151,11,29,15,0,0,0,0,0,0,1,4,2,2,2,0,1,3,2,5,12,0,0
57,151,11,29,22,1,1,2,0,0,0,2,8,4,3,0,3,0,6,4,8,13,1,0
58,151,12,29,23,0,1,1,0,0,0,2,4,3,8,0,2,1,3,3,5,16,1,0
59,151,12,29,9,0,1,0,0,0,0,1,2,2,2,2,0,0,2,2,4,7,0,0
60,151,12,29,19,0,0,0,1,1,0,0,5,3,0,1,3,0,4,3,5,12,1,0
61,151,12,29,32,0,1,1,0,0,0,1,8,4,3,2,4,2,8,4,9,24,1,0
62,151,12,29,12,0,0,0,0,0,0,0,3,3,1,1,2,1,2,3,4,9,0,0
63,151,12,29,12,0,1,1,0,0,0,2,4,2,2,1,0,1,3,2,4,5,1,0
64,151,13,29,7,0,0,0,0,0,0,0,2,1,1,0,1,0,2,1,3,6,1,0
65,151,13,29,21,0,2,2,0,0,0,4,7,5,0,2,1,2,5,5,9,16,0,0
66,151,13,29,29,0,2,1,0,0,0,1,5,5,5,1,5,0,4,5,9,26,1,0
67,151,13,29,21,0,1,1,0,0,0,0,4,5,5,1,2,1,4,5,7,16,1,0
68,151,13,29,4,0,0,0,0,0,0,0,0,1,0,2,0,0,0,1,1,4,0,0
69,151,14,29,20,0,4,3,0,0,0,3,6,4,2,2,0,3,5,4,8,17,1,0
70,151,14,29,14,0,3,3,0,0,1,4,5,2,2,2,0,0,3,2,4,8,1,0
71,151,14,29,26,0,1,1,1,1,0,1,6,5,3,1,2,1,5,4,9,20,2,0
72,151,14,29,25,0,3,2,0,0,0,3,8,5,0,1,2,3,6,5,7,15,1,0
73,151,15,29,24,0,0,0,1,1,0,0,6,4,1,2,2,2,5,4,7,16,1,0
74,151,15,29,12,1,0,0,1,1,1,0,3,1,3,0,2,0,2,1,2,5,1,0
75,151,15,29,11,0,0,0,0,0,0,0,3,1,1,2,1,1,2,1,3,8,0,0
76,151,16,29,11,0,1,1,0,0,0,0,5,1,1,0,1,1,3,1,2,4,0,0
77,151,16,29,23,0,0,0,0,0,0,0,6,1,2,2,3,3,6,1,5,17,0,0
78,151,16,29,17,0,0,0,0,0,1,0,3,2,2,0,2,1,3,2,5,14,1,0
79,151,16,29,8,0,1,1,0,0,0,2,4,1,1,0,0,0,3,1,3,5,0,0
80,151,16,29,16,0,1,1,0,0,1,0,3,1,3,2,3,1,3,1,2,9,0,0
81,151,16,29,26,0,1,1,0,0,0,2,8,3,3,0,4,2,4,3,6,16,0,0
82,151,16,29,7,0,0,0,0,0,0,1,2,2,1,1,0,0,2,2,2,4,0,0
83,151,17,29,21,0,2,2,0,0,1,0,8,2,2,0,1,3,7,2,4,9,1,0
84,151,17,29,24,0,1,1,0,0,0,1,7,3,5,0,4,1,7,2,5,9,1,0
85,151,17,29,20,0,2,2,1,1,0,0,5,5,2,1,2,2,5,4,8,16,2,0
86,151,17,29,15,0,2,1,0,0,0,2,6,1,3,1,3,0,5,1,4,8,0,0
87,151,17,29,25,0,1,1,0,0,0,0,7,4,4,2,3,1,6,4,8,15,2,0
88,151,18,29,7,0,0,0,0,0,0,0,2,1,0,1,0,0,2,1,3,6,1,0
89,151,18,29,28,0,1,1,0,2,3,5,11,1,2,2,4,1,8,1,4,12,3,0
90,151,18,29,10,0,0,0,0,0,0,0,2,2,0,1,1,0,2,2,4,10,0,0
91,151,18,29,9,0,0,0,0,0,0,0,2,0,3,1,1,1,2,0,2,7,0,0
92,151,19,29,14,0,0,0,0,0,1,0,4,3,2,0,2,0,3,3,6,12,0,0
93,151,19,29,15,0,1,1,0,0,0,0,5,1,2,2,3,0,3,1,3,8,2,0
94,151,19,29,5,0,0,0,0,0,0,0,1,0,1,3,0,0,1,0,1,5,0,0
95,151,19,29,11,0,0,0,0,0,0,1,3,2,2,1,0,0,2,2,2,7,0,0
96,151,19,29,15,0,0,0,0,0,0,1,2,3,1,2,1,2,2,3,5,14,1,0
97,151,19,29,8,0,1,1,0,0,0,0,2,2,1,0,1,0,2,1,3,5,0,0
98,151,19,29,18,0,1,1,0,0,2,0,7,2,1,0,4,0,5,2,5,10,1,0
99,151,20,29,4,0,0,0,0,0,0,0,1,1,0,1,0,0,1,1,2,3,1,0
100,151,20,29,27,1,3,4,0,0,0,2,8,6,1,2,1,2,7,6,9,19,1,0
101,151,20,29,5,0,0,0,0,0,0,0,0,2,0,2,0,0,0,2,2,5,0,0
102,151,20,29,31,0,3,3,0,0,0,3,8,6,2,1,4,0,6,6,11,25,1,0
103,151,20,29,3,1,1,1,0,0,0,0,2,0,1,0,0,0,2,0,1,1,0,0
104,151,20,29,21,0,1,1,0,0,0,0,5,5,0,3,2,1,5,4,7,16,0,0
105,151,20,29,4,0,1,1,0,0,0,0,2,0,0,0,1,0,2,0,1,1,0,0
106,151,20,29,2,0,0,0,0,0,0,0,1,1,0,0,0,0,1,1,2,2,0,0
107,151,21,29,16,0,1,1,0,0,0,2,5,2,0,3,2,0,3,2,4,10,0,0
108,151,21,29,46,0,1,1,0,0,0,1,10,7,6,6,7,1,9,5,12,36,1,0
109,151,22,29,11,0,0,0,0,0,1,0,0,1,2,0,1,1,0,1,1,11,0,0
110,151,22,29,20,0,2,2,0,0,0,0,3,4,0,3,1,2,2,4,6,17,0,0
111,151,22,29,15,0,1,1,1,0,0,2,5,1,3,0,3,1,4,1,5,13,1,0
112,151,22,29,32,0,1,1,0,0,0,1,3,7,6,1,5,3,3,6,9,29,1,0
113,151,23,29,7,0,0,0,0,2,1,1,2,2,0,0,0,0,2,2,4,6,2,0
114,151,23,29,17,0,0,0,2,1,0,0,3,2,4,1,2,0,3,2,4,10,2,0
115,151,23,29,17,0,0,0,0,0,0,1,4,2,2,2,3,1,4,2,5,13,0,0
116,151,23,29,21,0,0,0,0,0,0,0,4,3,3,3,1,1,4,2,5,15,0,0
117,151,23,29,8,0,0,0,0,0,1,1,2,1,2,1,0,0,1,1,2,6,1,0
118,151,23,29,19,0,2,1,0,0,0,1,5,3,3,3,0,3,5,2,5,16,0,0
119,151,23,29,20,0,0,0,1,2,3,1,7,2,2,0,2,0,5,2,5,10,3,0
120,151,23,29,33,0,1,0,1,0,2,2,8,2,4,4,3,4,8,2,5,19,1,0
121,151,24,29,4,0,1,1,0,0,0,2,1,1,0,1,0,0,1,1,2,3,0,0
122,151,24,29,16,0,2,1,0,2,2,4,5,2,3,1,0,0,4,2,5,9,2,0
123,151,24,29,11,0,0,0,0,0,0,0,3,2,0,3,1,1,2,1,3,8,0,0
124,151,24,29,31,0,2,2,0,1,0,3,8,7,1,2,2,2,5,6,10,24,1,0
125,151,24,29,20,0,0,0,1,0,1,1,4,4,3,0,3,0,4,3,5,11,1,0
126,151,24,29,16,0,1,0,0,0,0,0,4,2,1,4,0,1,3,2,4,12,1,0
127,151,25,29,21,0,1,1,0,0,0,0,7,4,3,2,2,1,5,3,7,12,2,0
128,151,25,29,15,0,1,1,0,0,0,0,3,4,2,0,2,3,3,4,6,13,0,0
129,151,25,29,34,0,1,1,0,1,1,0,9,3,3,2,6,2,8,3,9,27,2,0
130,151,25,29,21,0,6,4,1,1,0,5,8,2,2,2,4,1,5,2,3,10,1,0
131,151,25,29,16,0,2,2,1,0,0,2,4,3,3,0,2,1,4,3,7,15,1,0
132,151,25,29,10,0,1,0,0,0,0,0,3,1,2,1,1,0,3,1,4,8,1,0
133,151,26,29,11,0,0,0,0,2,1,1,4,1,1,0,0,0,3,1,4,8,2,0
134,151,26,29,22,0,1,1,0,0,0,2,8,2,2,2,3,2,7,2,6,12,1,0
135,151,26,29,17,0,2,2,0,0,0,2,7,2,2,1,0,1,4,2,5,8,1,0
136,151,26,29,29,0,2,0,0,0,0,2,6,3,3,4,5,2,5,3,7,22,1,0
137,151,26,29,14,0,1,1,0,0,0,1,5,2,1,0,2,0,4,2,3,4,0,0
138,151,26,29,28,0,2,3,0,0,0,2,7,5,2,1,6,0,4,4,7,18,1,0
139,151,27,29,17,0,0,0,0,2,3,2,6,2,0,0,2,0,3,2,5,12,2,0
140,151,27,29,14,0,1,1,0,0,0,0,4,2,2,2,2,1,3,2,4,9,0,0
141,151,27,29,10,0,2,2,0,0,0,1,5,2,1,1,0,1,4,2,4,6,1,0
142,151,27,29,19,1,0,0,0,0,0,0,5,1,2,3,2,1,4,1,4,10,0,0
143,151,27,29,14,0,0,0,0,0,0,0,3,2,1,1,0,2,3,2,3,10,0,0
144,151,28,29,5,0,0,0,0,0,0,0,2,1,0,1,0,0,1,1,2,3,0,0
145,151,28,29,11,0,2,2,0,0,0,1,3,2,1,2,1,1,3,2,5,11,1,0
146,151,28,29,11,0,2,2,0,0,0,1,4,0,1,2,2,0,2,0,2,8,1,0
147,151,28,29,11,0,0,0,0,0,0,0,1,3,0,3,0,1,1,2,3,9,0,0
148,151,28,29,30,0,0,0,0,0,0,0,7,4,3,4,3,2,7,4,9,20,1,0
149,151,29,29,14,0,0,0,1,3,2,1,5,2,0,0,1,0,3,2,4,7,2,1
150,151,29,29,15,0,0,0,1,1,0,0,6,0,1,0,4,0,4,0,2,7,1,0
151,151,29,29,29,0,0,0,1,0,0,1,7,4,4,3,3,3,5,4,8,24,1,0
1,73,1,19,21,0,1,1,3,3,2,2,5,3,1,2,2,1,4,3,5,14,3,1
2,73,1,19,17,0,0,0,2,1,1,1,3,3,3,0,2,2,3,2,4,11,2,1
3,73,1,19,13,0,0,0,4,2,2,2,2,2,1,0,2,0,2,2,4,11,3,0
4,73,1,19,11,0,1,1,6,2,3,2,5,0,0,0,2,0,4,0,3,7,3,0
5,73,2,19,22,0,0,0,4,2,3,2,7,1,1,2,3,2,5,1,5,16,3,0
6,73,2,19,22,0,0,0,5,2,5,2,8,1,1,0,3,0,7,1,4,8,4,1
7,73,2,19,18,0,0,0,4,2,5,2,5,1,3,0,1,1,5,1,4,8,3,1
8,73,3,19,33,0,0,0,2,1,2,2,6,4,4,2,3,0,6,4,8,23,2,0
9,73,3,19,8,0,0,0,0,0,0,0,4,0,0,0,2,0,3,0,1,2,0,0
10,73,3,19,18,0,0,0,2,1,1,1,4,1,4,2,1,1,3,1,3,13,2,0
11,73,3,19,25,0,0,0,2,1,1,1,8,2,3,1,5,0,7,2,5,9,2,0
12,73,3,19,17,0,0,0,2,1,1,1,4,2,3,2,2,1,4,2,4,8,2,0
13,73,3,19,17,0,0,0,2,1,1,2,5,1,1,3,1,1,3,1,3,12,2,0
14,73,4,19,44,0,1,0,4,2,4,3,16,3,3,1,5,3,12,3,11,21,3,0
15,73,4,19,14,0,0,0,0,1,0,0,5,2,1,0,2,0,4,2,3,4,1,0
16,73,4,19,24,0,0,0,3,2,2,2,7,2,4,2,1,1,6,2,6,13,3,0
17,73,4,19,18,0,1,1,3,2,3,3,7,2,2,1,0,0,4,2,5,9,3,0
18,73,5,19,13,0,0,0,4,2,3,2,3,1,1,1,2,0,3,1,4,11,3,0
19,73,5,19,19,0,1,1,2,1,3,3,8,0,0,0,4,1,6,0,1,1,2,0
20,73,5,19,23,0,1,1,3,2,4,3,7,1,2,2,2,1,6,1,5,12,3,0
21,73,5,19,26,0,0,1,2,1,1,2,8,1,2,4,3,1,6,1,6,17,2,0
22,73,5,19,16,0,0,0,2,2,2,1,1,3,2,2,3,1,1,3,4,15,2,0
23,73,6,19,28,0,0,0,4,2,5,3,8,1,2,1,5,1,7,1,4,15,3,0
24,73,6,19,26,0,1,1,2,1,4,1,11,1,1,0,4,1,8,1,4,7,3,0
25,73,6,19,18,0,0,0,3,2,6,1,7,0,2,0,1,1,6,0,2,3,3,0
26,73,6,19,7,0,1,1,0,1,0,2,5,1,0,0,0,0,2,1,1,1,1,0
27,73,7,19,25,0,0,0,4,2,3,2,10,2,0,0,2,0,7,2,5,12,3,0
28,73,7,19,25,0,0,0,4,2,2,1,6,3,3,4,2,1,5,3,7,20,4,0
29,73,7,19,19,0,0,0,0,0,1,0,5,3,2,1,2,0,5,3,6,13,0,0
30,73,7,19,9,0,0,0,2,1,1,1,2,2,0,1,2,0,2,2,4,8,2,0
31,73,8,19,7,0,1,1,0,0,0,0,2,2,0,1,1,0,2,2,4,7,0,0
32,73,8,19,12,0,1,1,0,1,1,3,5,2,1,0,1,0,4,1,3,5,4,1
33,73,8,19,23,0,1,2,4,2,4,5,8,3,0,0,4,0,7,3,6,12,3,0
34,73,8,19,23,0,1,1,0,0,0,1,8,1,3,2,4,0,5,1,4,11,2,0
35,73,8,19,6,0,0,0,0,0,0,0,2,1,1,0,1,0,2,1,3,4,0,0
36,73,9,19,6,0,0,0,0,0,0,0,1,3,0,0,0,0,1,2,3,5,0,0
37,73,9,19,27,0,2,1,5,3,5,5,7,3,5,0,2,1,6,3,8,17,3,0
38,73,9,19,37,0,3,2,2,2,3,6,13,3,2,2,7,3,12,3,6,11,2,0
39,73,10,19,22,0,2,2,3,2,5,7,9,1,1,0,4,0,6,1,4,8,3,0
40,73,10,19,23,0,2,2,2,1,2,4,10,2,1,1,1,1,5,2,6,12,2,0
41,73,10,19,20,0,1,1,5,2,5,6,8,2,0,1,1,0,5,2,6,12,3,0
42,73,11,19,48,0,2,2,2,1,1,3,16,2,4,4,9,5,14,2,7,22,3,0
43,73,11,19,12,0,1,1,0,0,1,1,4,2,0,2,1,0,4,1,4,7,0,0
44,73,11,19,10,0,0,0,2,1,1,1,5,0,1,0,1,0,4,0,3,7,2,0
45,73,12,19,17,0,1,1,4,2,2,2,5,2,1,2,2,0,5,2,6,13,3,0
46,73,12,19,28,0,1,1,0,0,0,1,12,2,3,3,3,1,6,2,5,12,1,0
47,73,12,19,26,0,1,0,3,2,4,4,8,4,0,2,3,1,7,4,8,18,3,0
48,73,13,19,3,0,1,1,1,1,0,0,2,1,0,0,0,0,2,1,1,1,1,0
49,73,13,19,6,0,0,0,0,0,0,0,1,2,0,1,1,0,1,1,2,5,1,0
50,73,13,19,15,0,0,0,1,2,0,2,5,1,0,3,1,1,4,1,3,8,1,0
51,73,13,19,24,0,2,2,0,1,0,3,7,3,2,1,4,1,5,3,6,15,1,0
52,73,13,19,28,0,0,0,2,1,4,4,8,1,3,1,5,1,7,1,5,16,2,0
53,73,13,19,19,0,0,0,3,2,4,3,9,0,1,1,2,0,5,0,4,9,3,0
54,73,14,19,23,0,0,0,2,1,2,1,7,5,1,2,1,0,5,5,9,15,3,0
55,73,14,19,16,0,0,0,0,0,0,0,5,4,1,1,0,1,3,2,2,6,1,0
56,73,14,19,10,0,0,0,2,1,1,1,2,2,1,2,0,0,2,2,3,7,2,0
57,73,15,19,18,0,0,0,3,2,3,1,6,2,2,0,0,1,4,2,5,9,3,0
58,73,15,19,30,0,0,0,0,1,0,0,9,5,1,2,2,2,8,5,9,18,2,0
59,73,15,19,16,0,0,0,3,2,2,1,4,2,1,1,3,0,4,1,3,9,3,0
60,73,15,19,12,0,1,1,1,0,0,3,5,1,2,0,0,1,3,1,3,7,1,0
61,73,16,19,20,0,0,0,4,2,7,4,8,2,0,0,0,1,6,2,3,9,4,1
62,73,16,19,35,0,1,1,3,2,9,9,14,1,0,1,5,1,10,1,6,15,3,0
63,73,16,19,15,0,1,1,1,1,1,3,5,2,1,0,2,0,4,1,3,5,1,0
64,73,16,19,31,0,1,1,2,1,7,10,14,1,0,0,4,1,9,1,4,10,2,0
65,73,17,19,22,0,0,0,3,3,2,1,4,3,3,1,3,0,4,3,4,13,3,0
66,73,17,19,20,0,0,0,1,1,0,1,3,4,1,3,0,2,3,4,7,17,1,0
67,73,17,19,16,0,0,0,2,1,1,1,3,3,2,2,1,1,3,3,5,13,2,0
68,73,17,19,7,0,0,0,0,0,0,0,1,1,1,1,1,0,1,1,2,6,0,0
69,73,18,19,32,0,2,2,3,1,2,4,9,5,2,4,4,1,6,4,8,21,2,0
70,73,18,19,17,0,0,0,3,2,1,1,7,1,2,0,1,1,5,1,4,7,2,0
71,73,18,19,17,0,0,0,3,3,2,2,4,1,2,1,3,0,3,1,4,13,3,1
72,73,18,19,40,0,0,0,3,3,5,4,13,3,2,4,6,1,10,3,6,21,3,1
73,73,19,19,15,0,0,0,5,2,3,2,4,1,1,0,1,1,4,1,4,13,3,0
1,26,1,16,25,0,3,3,3,1,0,3,10,2,2,1,5,0,6,2,6,15,2,0
2,26,2,16,9,0,1,1,3,1,0,1,3,2,0,2,0,0,2,2,4,7,1,0
3,26,3,16,25,0,2,2,3,2,2,4,9,3,2,0,3,2,8,2,6,15,3,0
4,26,3,16,21,0,0,0,1,0,0,0,5,2,2,3,4,1,4,2,4,13,2,0
5,26,4,16,22,0,2,2,2,1,1,5,7,4,1,1,4,1,5,3,6,15,3,0
6,26,4,16,28,0,2,3,3,2,2,4,7,6,1,2,3,2,5,5,8,22,5,1
7,26,5,16,30,0,3,3,2,0,2,2,10,3,2,0,5,0,7,2,7,15,2,0
8,26,5,16,18,0,0,0,0,0,0,0,7,3,0,2,3,0,5,2,5,10,3,0
9,26,6,16,25,0,1,0,4,1,1,4,7,3,2,2,3,0,6,3,6,13,2,0
10,26,6,16,17,0,0,0,0,0,0,0,4,3,2,1,4,0,3,2,4,11,1,0
11,26,6,16,13,0,0,0,2,1,0,1,5,2,1,1,0,2,3,1,4,9,2,0
12,26,7,16,30,0,1,1,3,1,0,2,11,4,0,1,6,1,4,4,7,18,2,0
13,26,8,16,8,0,0,0,0,0,0,0,1,1,2,1,1,1,1,1,2,7,0,0
14,26,8,16,46,0,5,6,2,2,1,16,15,7,5,3,4,4,9,7,13,32,2,0
15,26,9,16,23,0,0,0,1,1,0,2,7,4,0,0,3,0,5,4,7,13,2,0
16,26,10,16,31,0,0,0,2,1,1,1,8,3,4,1,5,0,8,3,9,23,2,0
17,26,10,16,21,0,0,0,0,0,4,0,4,2,2,0,4,1,4,2,5,14,1,0
18,26,10,16,11,0,1,1,1,1,1,2,4,2,1,0,2,0,3,2,4,6,1,0
19,26,11,16,11,0,0,0,2,1,1,1,3,1,1,2,1,0,2,1,3,9,3,0
20,26,11,16,27,0,1,0,0,0,0,1,10,3,3,2,4,1,7,3,9,19,3,0
21,26,12,16,21,0,2,2,1,1,0,1,5,5,2,0,5,1,5,4,8,15,1,0
22,26,13,16,38,0,3,3,2,1,3,5,12,3,1,1,5,2,9,3,9,21,2,0
23,26,14,16,23,0,1,1,2,1,2,2,4,5,2,1,3,0,4,4,8,19,3,0
24,26,14,16,23,0,2,2,1,1,0,2,6,2,3,4,3,1,5,2,6,19,3,1
25,26,15,16,24,0,4,4,1,1,0,4,11,2,1,1,2,1,6,2,5,11,1,0
26,26,16,16,9,0,1,1,1,0,0,1,2,1,0,2,2,0,2,1,2,7,0,0
1,50,1,15,6,0,1,1,0,0,0,0,3,2,0,0,0,0,2,2,4,5,0,0
2,50,1,15,35,0,0,0,1,1,0,0,10,5,5,4,4,2,9,4,10,23,1,0
3,50,1,15,24,0,1,1,1,0,0,1,4,6,1,2,4,2,4,6,9,20,1,0
4,50,2,15,31,0,0,0,1,0,0,1,9,1,7,3,5,2,8,1,4,17,1,0
5,50,2,15,23,0,0,0,0,0,0,0,5,2,6,0,4,2,4,2,4,17,1,0
6,50,3,15,40,0,2,2,1,0,0,3,13,5,4,3,6,0,11,5,12,25,2,0
7,50,3,15,28,0,2,2,1,0,0,2,9,5,3,2,2,0,6,4,9,18,3,1
8,50,4,15,22,0,4,3,1,1,1,6,8,2,3,1,6,0,5,2,4,9,3,0
9,50,4,15,23,0,1,1,0,0,0,0,3,7,2,0,2,1,3,5,8,20,2,0
10,50,4,15,12,0,1,1,1,0,0,1,1,5,0,2,1,1,1,4,5,11,1,0
11,50,5,15,24,0,2,2,0,1,0,1,7,5,2,0,4,1,7,3,8,13,1,0
12,50,5,15,12,0,0,0,1,0,0,0,3,3,1,2,2,0,3,3,6,12,2,0
13,50,5,15,37,0,1,1,1,0,0,2,8,5,3,6,5,1,6,5,9,29,3,0
14,50,6,15,14,0,0,0,0,0,0,0,2,2,1,0,2,0,2,2,4,12,1,0
15,50,6,15,13,0,2,2,0,0,0,3,5,2,2,0,2,0,4,2,4,7,1,0
16,50,6,15,21,0,0,0,0,0,0,0,6,2,3,3,2,2,6,2,6,16,0,0
17,50,7,15,9,0,1,1,0,0,0,0,3,1,1,1,1,0,3,1,4,9,2,0
18,50,7,15,31,0,0,0,0,0,0,0,7,2,3,3,6,2,7,2,6,20,0,0
19,50,7,15,16,0,0,0,0,0,0,0,2,3,1,1,2,1,2,2,4,12,0,0
20,50,8,15,34,0,0,0,0,0,1,0,10,2,5,1,6,1,7,2,7,22,1,0
21,50,8,15,15,0,0,0,0,0,0,0,6,2,4,0,1,1,3,2,5,11,0,0
22,50,8,15,30,0,2,2,0,0,0,3,11,1,1,2,4,3,8,1,6,18,1,0
23,50,8,15,9,0,1,1,0,0,0,1,2,1,1,1,1,1,2,1,2,5,1,0
24,50,8,15,4,0,1,1,0,0,0,0,2,0,0,1,1,0,2,0,2,4,0,0
25,50,9,15,12,0,0,0,0,0,0,0,5,2,0,0,3,1,5,1,3,4,6,1
26,50,9,15,11,0,1,1,0,1,0,1,6,2,1,0,0,0,4,2,4,6,8,1
27,50,9,15,24,0,1,1,0,1,0,1,8,4,2,1,4,0,6,4,8,16,15,1
28,50,9,15,17,0,1,1,0,1,0,0,6,2,0,1,4,0,4,2,5,11,3,0
29,50,9,15,14,0,1,0,0,1,0,2,3,2,2,0,2,1,2,2,4,10,1,0
30,50,10,15,8,0,2,1,0,1,1,2,3,1,0,0,1,0,3,1,3,5,2,0
31,50,10,15,18,0,1,1,0,0,2,2,8,2,2,0,0,1,4,2,5,8,0,0
32,50,10,15,28,0,0,0,0,0,0,0,6,6,5,1,5,1,5,5,10,21,2,0
33,50,10,15,23,0,1,1,0,0,1,2,6,2,0,4,4,0,5,2,5,15,0,0
34,50,11,15,9,0,2,1,0,1,0,1,3,1,2,0,2,0,3,1,3,5,1,0
35,50,11,15,25,0,0,0,0,1,2,0,5,3,3,4,4,1,4,3,6,19,3,1
36,50,11,15,51,0,0,0,0,2,1,1,13,7,3,4,5,3,11,7,14,33,2,0
37,50,12,15,25,0,3,2,1,1,0,5,13,2,3,1,2,1,8,2,4,9,2,0
38,50,12,15,7,0,0,0,1,0,0,1,4,0,1,1,0,0,2,0,2,3,2,0
39,50,12,15,25,0,1,1,1,1,0,4,8,2,2,1,6,0,6,2,8,22,1,0
40,50,12,15,27,0,4,4,1,3,0,7,11,3,1,2,1,3,7,3,6,15,2,0
41,50,13,15,13,0,1,1,0,1,2,3,4,1,2,0,2,1,3,1,4,12,2,0
42,50,13,15,9,0,0,0,0,1,2,1,3,2,0,0,1,0,3,2,3,7,2,0
43,50,13,15,40,0,3,2,0,1,1,9,16,2,6,0,8,4,11,2,5,13,3,0
44,50,13,15,6,0,1,1,0,0,0,0,3,1,0,0,1,0,2,1,2,3,0,0
45,50,13,15,9,0,1,1,0,1,0,0,5,0,1,0,3,0,4,0,2,4,1,0
46,50,14,15,32,0,2,2,1,3,7,8,12,3,1,1,3,2,8,3,9,24,4,0
47,50,15,15,22,0,1,1,1,0,0,2,8,2,2,0,4,1,3,2,4,15,4,1
48,50,15,15,14,0,0,0,0,0,0,0,4,1,3,1,0,1,4,1,5,14,1,0
49,50,15,15,33,0,0,0,1,0,0,1,9,5,1,1,5,2,8,5,11,23,1,0
50,50,15,15,1,0,1,1,0,0,0,0,1,0,0,0,0,0,1,0,1,1,0,0
1,9,1,3,13,0,2,2,4,2,2,2,6,3,0,0,0,0,4,1,2,3,5,1
2,9,1,3,32,1,2,2,3,2,2,5,11,3,1,1,5,1,8,3,8,20,5,1
3,9,1,3,24,0,2,1,3,3,1,3,10,1,4,0,5,0,8,1,6,14,5,1
4,9,2,3,30,0,1,1,1,1,1,1,8,9,1,1,3,1,7,6,9,17,2,0
5,9,2,3,31,1,2,2,3,3,3,6,11,4,1,0,6,1,9,4,6,14,3,0
6,9,2,3,33,0,1,1,3,2,2,2,9,5,3,1,4,1,9,5,11,21,4,0
7,9,3,3,19,0,1,1,3,2,1,2,7,1,3,0,2,1,6,1,5,9,3,0
8,9,3,3,31,0,4,4,4,2,1,7,14,2,3,1,5,3,8,1,6,15,4,0
9,9,3,3,24,0,1,1,1,1,0,2,9,4,1,2,2,1,7,3,7,13,2,0
1,9,1,4,14,0,1,0,2,3,2,3,4,2,5,0,0,0,3,2,4,8,2,1
2,9,1,4,21,0,0,0,0,0,2,1,6,2,4,0,2,1,5,2,3,8,2,0
3,9,2,4,32,0,0,0,1,2,3,2,7,3,3,2,6,1,7,3,6,16,2,0
4,9,2,4,16,0,1,1,4,4,1,2,7,2,0,1,2,0,5,2,4,9,5,1
5,9,2,4,15,0,0,0,3,4,1,1,4,2,1,1,3,0,4,2,4,8,3,1
6,9,3,4,34,0,1,1,1,1,0,1,15,3,5,2,4,1,9,2,7,14,2,0
7,9,3,4,24,0,0,0,2,2,2,2,9,3,1,2,4,0,5,3,7,16,3,0
8,9,4,4,18,0,0,0,0,1,1,0,6,1,1,2,2,1,6,1,3,7,1,0
9,9,4,4,33,0,1,1,2,3,1,2,6,6,2,5,4,1,5,6,8,22,2,0
